group_key,fold,horizon_step,time,actual,forecast,model_type
london_smart_meters,1,1,2023-01-04 00:00:00,0.46114701,0.58464300,lightgbm_lag_features
london_smart_meters,1,2,2023-01-04 00:30:00,0.46825806,0.58464300,lightgbm_lag_features
london_smart_meters,1,3,2023-01-04 01:00:00,0.47874490,0.57629921,lightgbm_lag_features
london_smart_meters,1,4,2023-01-04 01:30:00,0.49275306,0.57629921,lightgbm_lag_features
london_smart_meters,1,5,2023-01-04 02:00:00,0.51032093,0.57629921,lightgbm_lag_features
london_smart_meters,1,6,2023-01-04 02:30:00,0.53136182,0.57629921,lightgbm_lag_features
london_smart_meters,1,7,2023-01-04 03:00:00,0.55563258,0.57629921,lightgbm_lag_features
london_smart_meters,1,8,2023-01-04 03:30:00,0.58269244,0.57629921,lightgbm_lag_features
london_smart_meters,1,9,2023-01-04 04:00:00,0.61186122,0.64226582,lightgbm_lag_features
london_smart_meters,1,10,2023-01-04 04:30:00,0.64219123,0.65362220,lightgbm_lag_features
london_smart_meters,1,11,2023-01-04 05:00:00,0.67246884,0.65362220,lightgbm_lag_features
london_smart_meters,1,12,2023-01-04 05:30:00,0.70125934,0.65362220,lightgbm_lag_features
london_smart_meters,1,13,2023-01-04 06:00:00,0.72700148,0.66229292,lightgbm_lag_features
london_smart_meters,1,14,2023-01-04 06:30:00,0.74814730,0.70526331,lightgbm_lag_features
london_smart_meters,1,15,2023-01-04 07:00:00,0.76333115,0.74765312,lightgbm_lag_features
london_smart_meters,1,16,2023-01-04 07:30:00,0.77154183,0.79611670,lightgbm_lag_features
london_smart_meters,1,17,2023-01-04 08:00:00,0.77226771,0.81053632,lightgbm_lag_features
london_smart_meters,1,18,2023-01-04 08:30:00,0.76558717,0.81053632,lightgbm_lag_features
london_smart_meters,1,19,2023-01-04 09:00:00,0.75218730,0.81053632,lightgbm_lag_features
london_smart_meters,1,20,2023-01-04 09:30:00,0.73330892,0.81053632,lightgbm_lag_features
london_smart_meters,1,21,2023-01-04 10:00:00,0.71063261,0.80231057,lightgbm_lag_features
london_smart_meters,1,22,2023-01-04 10:30:00,0.68613306,0.75934018,lightgbm_lag_features
london_smart_meters,1,23,2023-01-04 11:00:00,0.66193428,0.75066946,lightgbm_lag_features
london_smart_meters,1,24,2023-01-04 11:30:00,0.64019331,0.74641351,lightgbm_lag_features
london_smart_meters,1,25,2023-01-04 12:00:00,0.62302562,0.74641351,lightgbm_lag_features
london_smart_meters,1,26,2023-01-04 12:30:00,0.61246528,0.78486736,lightgbm_lag_features
london_smart_meters,1,27,2023-01-04 13:00:00,0.61043293,0.78486736,lightgbm_lag_features
london_smart_meters,1,28,2023-01-04 13:30:00,0.61867199,0.78486736,lightgbm_lag_features
london_smart_meters,1,29,2023-01-04 14:00:00,0.63861465,0.79622374,lightgbm_lag_features
london_smart_meters,1,30,2023-01-04 14:30:00,0.67115790,0.79622374,lightgbm_lag_features
london_smart_meters,1,31,2023-01-04 15:00:00,0.71636370,0.80489446,lightgbm_lag_features
london_smart_meters,1,32,2023-01-04 15:30:00,0.77313866,0.85609060,lightgbm_lag_features
london_smart_meters,1,33,2023-01-04 16:00:00,0.83898420,0.85609060,lightgbm_lag_features
london_smart_meters,1,34,2023-01-04 16:30:00,0.90992216,0.85609060,lightgbm_lag_features
london_smart_meters,1,35,2023-01-04 17:00:00,0.98068298,0.85609060,lightgbm_lag_features
london_smart_meters,1,36,2023-01-04 17:30:00,1.04519050,0.85903061,lightgbm_lag_features
london_smart_meters,1,37,2023-01-04 18:00:00,1.09730062,0.85903061,lightgbm_lag_features
london_smart_meters,1,38,2023-01-04 18:30:00,1.13167177,0.85903061,lightgbm_lag_features
london_smart_meters,1,39,2023-01-04 19:00:00,1.14459030,0.85903061,lightgbm_lag_features
london_smart_meters,1,40,2023-01-04 19:30:00,1.13456507,0.85903061,lightgbm_lag_features
london_smart_meters,1,41,2023-01-04 20:00:00,1.10255002,0.85903061,lightgbm_lag_features
london_smart_meters,1,42,2023-01-04 20:30:00,1.05174133,0.85903061,lightgbm_lag_features
london_smart_meters,1,43,2023-01-04 21:00:00,0.98699958,0.85903061,lightgbm_lag_features
london_smart_meters,1,44,2023-01-04 21:30:00,0.91403576,0.85903061,lightgbm_lag_features
london_smart_meters,1,45,2023-01-04 22:00:00,0.83854618,0.85903061,lightgbm_lag_features
london_smart_meters,1,46,2023-01-04 22:30:00,0.76547458,0.85080486,lightgbm_lag_features
london_smart_meters,1,47,2023-01-04 23:00:00,0.69852720,0.79916375,lightgbm_lag_features
london_smart_meters,1,48,2023-01-04 23:30:00,0.63998876,0.76230118,lightgbm_lag_features
london_smart_meters,2,1,2023-01-08 06:00:00,0.57025152,0.56393400,lightgbm_lag_features
london_smart_meters,2,2,2023-01-08 06:30:00,0.58808098,0.57595472,lightgbm_lag_features
london_smart_meters,2,3,2023-01-08 07:00:00,0.60267123,0.59675126,lightgbm_lag_features
london_smart_meters,2,4,2023-01-08 07:30:00,0.61293901,0.61519612,lightgbm_lag_features
london_smart_meters,2,5,2023-01-08 08:00:00,0.61806142,0.63027009,lightgbm_lag_features
london_smart_meters,2,6,2023-01-08 08:30:00,0.61759385,0.64247392,lightgbm_lag_features
london_smart_meters,2,7,2023-01-08 09:00:00,0.61154087,0.63517710,lightgbm_lag_features
london_smart_meters,2,8,2023-01-08 09:30:00,0.60037223,0.62187795,lightgbm_lag_features
london_smart_meters,2,9,2023-01-08 10:00:00,0.58498921,0.60762302,lightgbm_lag_features
london_smart_meters,2,10,2023-01-08 10:30:00,0.56665705,0.60101070,lightgbm_lag_features
london_smart_meters,2,11,2023-01-08 11:00:00,0.54692399,0.60112680,lightgbm_lag_features
london_smart_meters,2,12,2023-01-08 11:30:00,0.52754532,0.58988945,lightgbm_lag_features
london_smart_meters,2,13,2023-01-08 12:00:00,0.51042106,0.57256006,lightgbm_lag_features
london_smart_meters,2,14,2023-01-08 12:30:00,0.49754187,0.55117985,lightgbm_lag_features
london_smart_meters,2,15,2023-01-08 13:00:00,0.49092412,0.53227647,lightgbm_lag_features
london_smart_meters,2,16,2023-01-08 13:30:00,0.49250630,0.51947305,lightgbm_lag_features
london_smart_meters,2,17,2023-01-08 14:00:00,0.50398210,0.51394628,lightgbm_lag_features
london_smart_meters,2,18,2023-01-08 14:30:00,0.52656062,0.53043345,lightgbm_lag_features
london_smart_meters,2,19,2023-01-08 15:00:00,0.56067165,0.54962183,lightgbm_lag_features
london_smart_meters,2,20,2023-01-08 15:30:00,0.60566684,0.56415702,lightgbm_lag_features
london_smart_meters,2,21,2023-01-08 16:00:00,0.65959394,0.62517293,lightgbm_lag_features
london_smart_meters,2,22,2023-01-08 16:30:00,0.71913157,0.67702346,lightgbm_lag_features
london_smart_meters,2,23,2023-01-08 17:00:00,0.77975476,0.75555785,lightgbm_lag_features
london_smart_meters,2,24,2023-01-08 17:30:00,0.83615690,0.81941283,lightgbm_lag_features
london_smart_meters,2,25,2023-01-08 18:00:00,0.88289011,0.86310858,lightgbm_lag_features
london_smart_meters,2,26,2023-01-08 18:30:00,0.91512082,0.85957414,lightgbm_lag_features
london_smart_meters,2,27,2023-01-08 19:00:00,0.92935205,0.85745540,lightgbm_lag_features
london_smart_meters,2,28,2023-01-08 19:30:00,0.92395712,0.85325818,lightgbm_lag_features
london_smart_meters,2,29,2023-01-08 20:00:00,0.89940516,0.82607452,lightgbm_lag_features
london_smart_meters,2,30,2023-01-08 20:30:00,0.85813064,0.81439341,lightgbm_lag_features
london_smart_meters,2,31,2023-01-08 21:00:00,0.80408386,0.76771200,lightgbm_lag_features
london_smart_meters,2,32,2023-01-08 21:30:00,0.74207239,0.69916689,lightgbm_lag_features
london_smart_meters,2,33,2023-01-08 22:00:00,0.67704244,0.63811852,lightgbm_lag_features
london_smart_meters,2,34,2023-01-08 22:30:00,0.61344590,0.59209168,lightgbm_lag_features
london_smart_meters,2,35,2023-01-08 23:00:00,0.55479819,0.55976473,lightgbm_lag_features
london_smart_meters,2,36,2023-01-08 23:30:00,0.50347126,0.52636556,lightgbm_lag_features
london_smart_meters,2,37,2023-01-09 00:00:00,0.44047637,0.51153408,lightgbm_lag_features
london_smart_meters,2,38,2023-01-09 00:30:00,0.44026676,0.50212532,lightgbm_lag_features
london_smart_meters,2,39,2023-01-09 01:00:00,0.44280013,0.48839548,lightgbm_lag_features
london_smart_meters,2,40,2023-01-09 01:30:00,0.44900039,0.48151234,lightgbm_lag_features
london_smart_meters,2,41,2023-01-09 02:00:00,0.45964887,0.48186684,lightgbm_lag_features
london_smart_meters,2,42,2023-01-09 02:30:00,0.47528543,0.48252102,lightgbm_lag_features
london_smart_meters,2,43,2023-01-09 03:00:00,0.49611091,0.48429416,lightgbm_lag_features
london_smart_meters,2,44,2023-01-09 03:30:00,0.52190167,0.48827235,lightgbm_lag_features
london_smart_meters,2,45,2023-01-09 04:00:00,0.55195011,0.49180782,lightgbm_lag_features
london_smart_meters,2,46,2023-01-09 04:30:00,0.58504682,0.50508764,lightgbm_lag_features
london_smart_meters,2,47,2023-01-09 05:00:00,0.61951811,0.50610522,lightgbm_lag_features
london_smart_meters,2,48,2023-01-09 05:30:00,0.65332780,0.50662299,lightgbm_lag_features
london_smart_meters,3,1,2023-01-12 12:00:00,0.56780131,0.56968518,lightgbm_lag_features
london_smart_meters,3,2,2023-01-12 12:30:00,0.54970051,0.55541466,lightgbm_lag_features
london_smart_meters,3,3,2023-01-12 13:00:00,0.54041346,0.55884797,lightgbm_lag_features
london_smart_meters,3,4,2023-01-12 13:30:00,0.54237113,0.56857919,lightgbm_lag_features
london_smart_meters,3,5,2023-01-12 14:00:00,0.55751707,0.57832544,lightgbm_lag_features
london_smart_meters,3,6,2023-01-12 14:30:00,0.58703321,0.60714536,lightgbm_lag_features
london_smart_meters,3,7,2023-01-12 15:00:00,0.63102617,0.64776834,lightgbm_lag_features
london_smart_meters,3,8,2023-01-12 15:30:00,0.68822895,0.67907879,lightgbm_lag_features
london_smart_meters,3,9,2023-01-12 16:00:00,0.75580140,0.74729810,lightgbm_lag_features
london_smart_meters,3,10,2023-01-12 16:30:00,0.82932255,0.81572567,lightgbm_lag_features
london_smart_meters,3,11,2023-01-12 17:00:00,0.90304766,0.87531688,lightgbm_lag_features
london_smart_meters,3,12,2023-01-12 17:30:00,0.97045235,0.90486814,lightgbm_lag_features
london_smart_meters,3,13,2023-01-12 18:00:00,1.02501363,0.96643114,lightgbm_lag_features
london_smart_meters,3,14,2023-01-12 18:30:00,1.06110527,0.99918125,lightgbm_lag_features
london_smart_meters,3,15,2023-01-12 19:00:00,1.07483459,1.01429292,lightgbm_lag_features
london_smart_meters,3,16,2023-01-12 19:30:00,1.06464188,1.00639535,lightgbm_lag_features
london_smart_meters,3,17,2023-01-12 20:00:00,1.03152688,0.99801233,lightgbm_lag_features
london_smart_meters,3,18,2023-01-12 20:30:00,0.97885029,0.97034264,lightgbm_lag_features
london_smart_meters,3,19,2023-01-12 21:00:00,0.91175781,0.89359016,lightgbm_lag_features
london_smart_meters,3,20,2023-01-12 21:30:00,0.83635831,0.81389982,lightgbm_lag_features
london_smart_meters,3,21,2023-01-12 22:00:00,0.75883436,0.76828338,lightgbm_lag_features
london_smart_meters,3,22,2023-01-12 22:30:00,0.68465904,0.69771000,lightgbm_lag_features
london_smart_meters,3,23,2023-01-12 23:00:00,0.61804638,0.63867431,lightgbm_lag_features
london_smart_meters,3,24,2023-01-12 23:30:00,0.56169148,0.59489611,lightgbm_lag_features
london_smart_meters,3,25,2023-01-13 00:00:00,0.41829525,0.54666155,lightgbm_lag_features
london_smart_meters,3,26,2023-01-13 00:30:00,0.42261167,0.51929970,lightgbm_lag_features
london_smart_meters,3,27,2023-01-13 01:00:00,0.43043832,0.52147405,lightgbm_lag_features
london_smart_meters,3,28,2023-01-13 01:30:00,0.44211157,0.53060806,lightgbm_lag_features
london_smart_meters,3,29,2023-01-13 02:00:00,0.45780113,0.53202534,lightgbm_lag_features
london_smart_meters,3,30,2023-01-13 02:30:00,0.47747898,0.53534953,lightgbm_lag_features
london_smart_meters,3,31,2023-01-13 03:00:00,0.50088542,0.54266392,lightgbm_lag_features
london_smart_meters,3,32,2023-01-13 03:30:00,0.52749572,0.55377206,lightgbm_lag_features
london_smart_meters,3,33,2023-01-13 04:00:00,0.55649552,0.57319742,lightgbm_lag_features
london_smart_meters,3,34,2023-01-13 04:30:00,0.58677635,0.59463450,lightgbm_lag_features
london_smart_meters,3,35,2023-01-13 05:00:00,0.61696364,0.61117319,lightgbm_lag_features
london_smart_meters,3,36,2023-01-13 05:30:00,0.64548670,0.63456738,lightgbm_lag_features
london_smart_meters,3,37,2023-01-13 06:00:00,0.67069329,0.65047553,lightgbm_lag_features
london_smart_meters,3,38,2023-01-13 06:30:00,0.69100192,0.66882362,lightgbm_lag_features
london_smart_meters,3,39,2023-01-13 07:00:00,0.70507436,0.67784989,lightgbm_lag_features
london_smart_meters,3,40,2023-01-13 07:30:00,0.71198272,0.68122766,lightgbm_lag_features
london_smart_meters,3,41,2023-01-13 08:00:00,0.71134246,0.68972375,lightgbm_lag_features
london_smart_meters,3,42,2023-01-13 08:30:00,0.70338600,0.68915029,lightgbm_lag_features
london_smart_meters,3,43,2023-01-13 09:00:00,0.68896240,0.68526691,lightgbm_lag_features
london_smart_meters,3,44,2023-01-13 09:30:00,0.66946302,0.66577428,lightgbm_lag_features
london_smart_meters,3,45,2023-01-13 10:00:00,0.64668934,0.65563541,lightgbm_lag_features
london_smart_meters,3,46,2023-01-13 10:30:00,0.62269087,0.62995931,lightgbm_lag_features
london_smart_meters,3,47,2023-01-13 11:00:00,0.59960629,0.59943698,lightgbm_lag_features
london_smart_meters,3,48,2023-01-13 11:30:00,0.57953580,0.57730346,lightgbm_lag_features
london_smart_meters,4,1,2023-01-16 18:00:00,1.08330628,0.96935164,lightgbm_lag_features
london_smart_meters,4,2,2023-01-16 18:30:00,1.11608163,0.98899091,lightgbm_lag_features
london_smart_meters,4,3,2023-01-16 19:00:00,1.12517680,0.99113615,lightgbm_lag_features
london_smart_meters,4,4,2023-01-16 19:30:00,1.10955414,0.98302435,lightgbm_lag_features
london_smart_meters,4,5,2023-01-16 20:00:00,1.07081925,0.94772511,lightgbm_lag_features
london_smart_meters,4,6,2023-01-16 20:30:00,1.01295259,0.91932739,lightgbm_lag_features
london_smart_meters,4,7,2023-01-16 21:00:00,0.94165548,0.89795302,lightgbm_lag_features
london_smart_meters,4,8,2023-01-16 21:30:00,0.86345442,0.80849659,lightgbm_lag_features
london_smart_meters,4,9,2023-01-16 22:00:00,0.78475391,0.76061317,lightgbm_lag_features
london_smart_meters,4,10,2023-01-16 22:30:00,0.71102260,0.67287880,lightgbm_lag_features
london_smart_meters,4,11,2023-01-16 23:00:00,0.64624556,0.62257659,lightgbm_lag_features
london_smart_meters,4,12,2023-01-16 23:30:00,0.59269890,0.57470247,lightgbm_lag_features
london_smart_meters,4,13,2023-01-17 00:00:00,0.44731640,0.53625638,lightgbm_lag_features
london_smart_meters,4,14,2023-01-17 00:30:00,0.45668342,0.50598855,lightgbm_lag_features
london_smart_meters,4,15,2023-01-17 01:00:00,0.46847556,0.49492471,lightgbm_lag_features
london_smart_meters,4,16,2023-01-17 01:30:00,0.48267033,0.49982783,lightgbm_lag_features
london_smart_meters,4,17,2023-01-17 02:00:00,0.49925195,0.50370581,lightgbm_lag_features
london_smart_meters,4,18,2023-01-17 02:30:00,0.51820032,0.51524737,lightgbm_lag_features
london_smart_meters,4,19,2023-01-17 03:00:00,0.53945417,0.52728669,lightgbm_lag_features
london_smart_meters,4,20,2023-01-17 03:30:00,0.56285259,0.54961492,lightgbm_lag_features
london_smart_meters,4,21,2023-01-17 04:00:00,0.58806579,0.57504055,lightgbm_lag_features
london_smart_meters,4,22,2023-01-17 04:30:00,0.61453197,0.60528054,lightgbm_lag_features
london_smart_meters,4,23,2023-01-17 05:00:00,0.64141979,0.64016380,lightgbm_lag_features
london_smart_meters,4,24,2023-01-17 05:30:00,0.66763369,0.64948067,lightgbm_lag_features
london_smart_meters,4,25,2023-01-17 06:00:00,0.69187274,0.66284925,lightgbm_lag_features
london_smart_meters,4,26,2023-01-17 06:30:00,0.71274230,0.68654824,lightgbm_lag_features
london_smart_meters,4,27,2023-01-17 07:00:00,0.72890570,0.69446029,lightgbm_lag_features
london_smart_meters,4,28,2023-01-17 07:30:00,0.73925224,0.71142201,lightgbm_lag_features
london_smart_meters,4,29,2023-01-17 08:00:00,0.74305202,0.71358517,lightgbm_lag_features
london_smart_meters,4,30,2023-01-17 08:30:00,0.74006950,0.72097242,lightgbm_lag_features
london_smart_meters,4,31,2023-01-17 09:00:00,0.73061620,0.70017921,lightgbm_lag_features
london_smart_meters,4,32,2023-01-17 09:30:00,0.71553688,0.68435382,lightgbm_lag_features
london_smart_meters,4,33,2023-01-17 10:00:00,0.69613880,0.65920914,lightgbm_lag_features
london_smart_meters,4,34,2023-01-17 10:30:00,0.67408627,0.63429299,lightgbm_lag_features
london_smart_meters,4,35,2023-01-17 11:00:00,0.65128798,0.60157727,lightgbm_lag_features
london_smart_meters,4,36,2023-01-17 11:30:00,0.62980102,0.57525269,lightgbm_lag_features
london_smart_meters,4,37,2023-01-17 12:00:00,0.61176257,0.56304351,lightgbm_lag_features
london_smart_meters,4,38,2023-01-17 12:30:00,0.59934234,0.54865923,lightgbm_lag_features
london_smart_meters,4,39,2023-01-17 13:00:00,0.59469059,0.54751780,lightgbm_lag_features
london_smart_meters,4,40,2023-01-17 13:30:00,0.59984555,0.56104850,lightgbm_lag_features
london_smart_meters,4,41,2023-01-17 14:00:00,0.61656614,0.58300194,lightgbm_lag_features
london_smart_meters,4,42,2023-01-17 14:30:00,0.64607453,0.61776282,lightgbm_lag_features
london_smart_meters,4,43,2023-01-17 15:00:00,0.68872619,0.65142818,lightgbm_lag_features
london_smart_meters,4,44,2023-01-17 15:30:00,0.74366520,0.70427547,lightgbm_lag_features
london_smart_meters,4,45,2023-01-17 16:00:00,0.80855670,0.76998275,lightgbm_lag_features
london_smart_meters,4,46,2023-01-17 16:30:00,0.87950155,0.84143312,lightgbm_lag_features
london_smart_meters,4,47,2023-01-17 17:00:00,0.95121973,0.92436443,lightgbm_lag_features
london_smart_meters,4,48,2023-01-17 17:30:00,1.01753635,0.98503094,lightgbm_lag_features
london_smart_meters,5,1,2023-01-21 00:00:00,0.41437050,0.58213581,lightgbm_lag_features
london_smart_meters,5,2,2023-01-21 00:30:00,0.42232480,0.55495479,lightgbm_lag_features
london_smart_meters,5,3,2023-01-21 01:00:00,0.43074970,0.53740327,lightgbm_lag_features
london_smart_meters,5,4,2023-01-21 01:30:00,0.43983962,0.52731980,lightgbm_lag_features
london_smart_meters,5,5,2023-01-21 02:00:00,0.44995631,0.52499675,lightgbm_lag_features
london_smart_meters,5,6,2023-01-21 02:30:00,0.46157743,0.52907413,lightgbm_lag_features
london_smart_meters,5,7,2023-01-21 03:00:00,0.47520907,0.53933851,lightgbm_lag_features
london_smart_meters,5,8,2023-01-21 03:30:00,0.49127189,0.55544610,lightgbm_lag_features
london_smart_meters,5,9,2023-01-21 04:00:00,0.50997751,0.57264668,lightgbm_lag_features
london_smart_meters,5,10,2023-01-21 04:30:00,0.53121694,0.59934912,lightgbm_lag_features
london_smart_meters,5,11,2023-01-21 05:00:00,0.55448438,0.62248836,lightgbm_lag_features
london_smart_meters,5,12,2023-01-21 05:30:00,0.57885674,0.64288544,lightgbm_lag_features
london_smart_meters,5,13,2023-01-21 06:00:00,0.60304062,0.66078784,lightgbm_lag_features
london_smart_meters,5,14,2023-01-21 06:30:00,0.62548710,0.68215675,lightgbm_lag_features
london_smart_meters,5,15,2023-01-21 07:00:00,0.64456089,0.70349889,lightgbm_lag_features
london_smart_meters,5,16,2023-01-21 07:30:00,0.65873893,0.71325905,lightgbm_lag_features
london_smart_meters,5,17,2023-01-21 08:00:00,0.66680704,0.71604031,lightgbm_lag_features
london_smart_meters,5,18,2023-01-21 08:30:00,0.66802295,0.71217966,lightgbm_lag_features
london_smart_meters,5,19,2023-01-21 09:00:00,0.66222151,0.68546386,lightgbm_lag_features
london_smart_meters,5,20,2023-01-21 09:30:00,0.64985084,0.67283117,lightgbm_lag_features
london_smart_meters,5,21,2023-01-21 10:00:00,0.63194244,0.66809284,lightgbm_lag_features
london_smart_meters,5,22,2023-01-21 10:30:00,0.61003158,0.64921384,lightgbm_lag_features
london_smart_meters,5,23,2023-01-21 11:00:00,0.58605063,0.62558625,lightgbm_lag_features
london_smart_meters,5,24,2023-01-21 11:30:00,0.56221731,0.59914368,lightgbm_lag_features
london_smart_meters,5,25,2023-01-21 12:00:00,0.54093042,0.57932439,lightgbm_lag_features
london_smart_meters,5,26,2023-01-21 12:30:00,0.52467171,0.56836141,lightgbm_lag_features
london_smart_meters,5,27,2023-01-21 13:00:00,0.51589764,0.54992304,lightgbm_lag_features
london_smart_meters,5,28,2023-01-21 13:30:00,0.51689605,0.55244942,lightgbm_lag_features
london_smart_meters,5,29,2023-01-21 14:00:00,0.52958431,0.57151485,lightgbm_lag_features
london_smart_meters,5,30,2023-01-21 14:30:00,0.55524147,0.60435862,lightgbm_lag_features
london_smart_meters,5,31,2023-01-21 15:00:00,0.59419466,0.63886095,lightgbm_lag_features
london_smart_meters,5,32,2023-01-21 15:30:00,0.64551337,0.66711855,lightgbm_lag_features
london_smart_meters,5,33,2023-01-21 16:00:00,0.70679315,0.73696808,lightgbm_lag_features
london_smart_meters,5,34,2023-01-21 16:30:00,0.77411915,0.81460129,lightgbm_lag_features
london_smart_meters,5,35,2023-01-21 17:00:00,0.84228147,0.89096341,lightgbm_lag_features
london_smart_meters,5,36,2023-01-21 17:30:00,0.90526604,0.97069203,lightgbm_lag_features
london_smart_meters,5,37,2023-01-21 18:00:00,0.95697618,1.04085700,lightgbm_lag_features
london_smart_meters,5,38,2023-01-21 18:30:00,0.99207067,1.07608153,lightgbm_lag_features
london_smart_meters,5,39,2023-01-21 19:00:00,1.00675632,1.08505437,lightgbm_lag_features
london_smart_meters,5,40,2023-01-21 19:30:00,0.99936602,1.08505437,lightgbm_lag_features
london_smart_meters,5,41,2023-01-21 20:00:00,0.97059337,1.07915226,lightgbm_lag_features
london_smart_meters,5,42,2023-01-21 20:30:00,0.92333282,1.04062799,lightgbm_lag_features
london_smart_meters,5,43,2023-01-21 21:00:00,0.86216686,0.97732102,lightgbm_lag_features
london_smart_meters,5,44,2023-01-21 21:30:00,0.79262136,0.88749378,lightgbm_lag_features
london_smart_meters,5,45,2023-01-21 22:00:00,0.72035334,0.78507819,lightgbm_lag_features
london_smart_meters,5,46,2023-01-21 22:30:00,0.65043205,0.70860647,lightgbm_lag_features
london_smart_meters,5,47,2023-01-21 23:00:00,0.58683118,0.64898014,lightgbm_lag_features
london_smart_meters,5,48,2023-01-21 23:30:00,0.53218364,0.59598885,lightgbm_lag_features
morocco_high_resolution,1,1,2023-01-04 00:00:00,0.36523057,0.49354433,lightgbm_lag_features
morocco_high_resolution,1,2,2023-01-04 00:30:00,0.36932843,0.49354433,lightgbm_lag_features
morocco_high_resolution,1,3,2023-01-04 01:00:00,0.37741932,0.49354433,lightgbm_lag_features
morocco_high_resolution,1,4,2023-01-04 01:30:00,0.39012465,0.49354433,lightgbm_lag_features
morocco_high_resolution,1,5,2023-01-04 02:00:00,0.40788196,0.49354433,lightgbm_lag_features
morocco_high_resolution,1,6,2023-01-04 02:30:00,0.43088121,0.49354433,lightgbm_lag_features
morocco_high_resolution,1,7,2023-01-04 03:00:00,0.45899689,0.49354433,lightgbm_lag_features
morocco_high_resolution,1,8,2023-01-04 03:30:00,0.49172362,0.49354433,lightgbm_lag_features
morocco_high_resolution,1,9,2023-01-04 04:00:00,0.52812762,0.51832468,lightgbm_lag_features
morocco_high_resolution,1,10,2023-01-04 04:30:00,0.56683058,0.55125943,lightgbm_lag_features
morocco_high_resolution,1,11,2023-01-04 05:00:00,0.60604258,0.59935709,lightgbm_lag_features
morocco_high_resolution,1,12,2023-01-04 05:30:00,0.64365632,0.64819866,lightgbm_lag_features
morocco_high_resolution,1,13,2023-01-04 06:00:00,0.67740535,0.69999420,lightgbm_lag_features
morocco_high_resolution,1,14,2023-01-04 06:30:00,0.70507588,0.71273446,lightgbm_lag_features
morocco_high_resolution,1,15,2023-01-04 07:00:00,0.72474783,0.72067410,lightgbm_lag_features
morocco_high_resolution,1,16,2023-01-04 07:30:00,0.73502978,0.72067410,lightgbm_lag_features
morocco_high_resolution,1,17,2023-01-04 08:00:00,0.73524825,0.72067410,lightgbm_lag_features
morocco_high_resolution,1,18,2023-01-04 08:30:00,0.72555622,0.72067410,lightgbm_lag_features
morocco_high_resolution,1,19,2023-01-04 09:00:00,0.70693910,0.72067410,lightgbm_lag_features
morocco_high_resolution,1,20,2023-01-04 09:30:00,0.68111567,0.72067410,lightgbm_lag_features
morocco_high_resolution,1,21,2023-01-04 10:00:00,0.65035245,0.72067410,lightgbm_lag_features
morocco_high_resolution,1,22,2023-01-04 10:30:00,0.61722675,0.72067410,lightgbm_lag_features
morocco_high_resolution,1,23,2023-01-04 11:00:00,0.58438215,0.70273001,lightgbm_lag_features
morocco_high_resolution,1,24,2023-01-04 11:30:00,0.55431718,0.67420898,lightgbm_lag_features
morocco_high_resolution,1,25,2023-01-04 12:00:00,0.52923486,0.59317657,lightgbm_lag_features
morocco_high_resolution,1,26,2023-01-04 12:30:00,0.51096017,0.55948701,lightgbm_lag_features
morocco_high_resolution,1,27,2023-01-04 13:00:00,0.50091077,0.52642622,lightgbm_lag_features
morocco_high_resolution,1,28,2023-01-04 13:30:00,0.50008994,0.51863332,lightgbm_lag_features
morocco_high_resolution,1,29,2023-01-04 14:00:00,0.50906563,0.51863332,lightgbm_lag_features
morocco_high_resolution,1,30,2023-01-04 14:30:00,0.52790818,0.52171637,lightgbm_lag_features
morocco_high_resolution,1,31,2023-01-04 15:00:00,0.55608196,0.55465111,lightgbm_lag_features
morocco_high_resolution,1,32,2023-01-04 15:30:00,0.59231521,0.55465111,lightgbm_lag_features
morocco_high_resolution,1,33,2023-01-04 16:00:00,0.63449940,0.63126980,lightgbm_lag_features
morocco_high_resolution,1,34,2023-01-04 16:30:00,0.67968302,0.69559298,lightgbm_lag_features
morocco_high_resolution,1,35,2023-01-04 17:00:00,0.72421610,0.71612614,lightgbm_lag_features
morocco_high_resolution,1,36,2023-01-04 17:30:00,0.76406983,0.72406578,lightgbm_lag_features
morocco_high_resolution,1,37,2023-01-04 18:00:00,0.79530654,0.72406578,lightgbm_lag_features
morocco_high_resolution,1,38,2023-01-04 18:30:00,0.81462363,0.72406578,lightgbm_lag_features
morocco_high_resolution,1,39,2023-01-04 19:00:00,0.81985918,0.72406578,lightgbm_lag_features
morocco_high_resolution,1,40,2023-01-04 19:30:00,0.81034079,0.72406578,lightgbm_lag_features
morocco_high_resolution,1,41,2023-01-04 20:00:00,0.78698880,0.72406578,lightgbm_lag_features
morocco_high_resolution,1,42,2023-01-04 20:30:00,0.75214260,0.72406578,lightgbm_lag_features
morocco_high_resolution,1,43,2023-01-04 21:00:00,0.70914702,0.72406578,lightgbm_lag_features
morocco_high_resolution,1,44,2023-01-04 21:30:00,0.66179425,0.72406578,lightgbm_lag_features
morocco_high_resolution,1,45,2023-01-04 22:00:00,0.61374562,0.70612169,lightgbm_lag_features
morocco_high_resolution,1,46,2023-01-04 22:30:00,0.56805238,0.62950300,lightgbm_lag_features
morocco_high_resolution,1,47,2023-01-04 23:00:00,0.52685774,0.59656825,lightgbm_lag_features
morocco_high_resolution,1,48,2023-01-04 23:30:00,0.49130947,0.55609533,lightgbm_lag_features
morocco_high_resolution,2,1,2023-01-08 06:00:00,0.55334701,0.55652499,lightgbm_lag_features
morocco_high_resolution,2,2,2023-01-08 06:30:00,0.57334143,0.58394814,lightgbm_lag_features
morocco_high_resolution,2,3,2023-01-08 07:00:00,0.58819076,0.60035774,lightgbm_lag_features
morocco_high_resolution,2,4,2023-01-08 07:30:00,0.59688753,0.60399083,lightgbm_lag_features
morocco_high_resolution,2,5,2023-01-08 08:00:00,0.59883921,0.59728223,lightgbm_lag_features
morocco_high_resolution,2,6,2023-01-08 08:30:00,0.59396199,0.59232447,lightgbm_lag_features
morocco_high_resolution,2,7,2023-01-08 09:00:00,0.58270864,0.58539052,lightgbm_lag_features
morocco_high_resolution,2,8,2023-01-08 09:30:00,0.56602626,0.57945446,lightgbm_lag_features
morocco_high_resolution,2,9,2023-01-08 10:00:00,0.54525473,0.57228415,lightgbm_lag_features
morocco_high_resolution,2,10,2023-01-08 10:30:00,0.52198957,0.54746076,lightgbm_lag_features
morocco_high_resolution,2,11,2023-01-08 11:00:00,0.49793883,0.51372483,lightgbm_lag_features
morocco_high_resolution,2,12,2023-01-08 11:30:00,0.47480131,0.49607709,lightgbm_lag_features
morocco_high_resolution,2,13,2023-01-08 12:00:00,0.45418314,0.48101702,lightgbm_lag_features
morocco_high_resolution,2,14,2023-01-08 12:30:00,0.43755374,0.46436487,lightgbm_lag_features
morocco_high_resolution,2,15,2023-01-08 13:00:00,0.42622643,0.46074451,lightgbm_lag_features
morocco_high_resolution,2,16,2023-01-08 13:30:00,0.42133733,0.46010315,lightgbm_lag_features
morocco_high_resolution,2,17,2023-01-08 14:00:00,0.42379417,0.46028803,lightgbm_lag_features
morocco_high_resolution,2,18,2023-01-08 14:30:00,0.43417649,0.46694095,lightgbm_lag_features
morocco_high_resolution,2,19,2023-01-08 15:00:00,0.45258834,0.48213657,lightgbm_lag_features
morocco_high_resolution,2,20,2023-01-08 15:30:00,0.47849045,0.48633160,lightgbm_lag_features
morocco_high_resolution,2,21,2023-01-08 16:00:00,0.51056080,0.49832643,lightgbm_lag_features
morocco_high_resolution,2,22,2023-01-08 16:30:00,0.54664359,0.53127117,lightgbm_lag_features
morocco_high_resolution,2,23,2023-01-08 17:00:00,0.58383820,0.57518989,lightgbm_lag_features
morocco_high_resolution,2,24,2023-01-08 17:30:00,0.61875123,0.61326465,lightgbm_lag_features
morocco_high_resolution,2,25,2023-01-08 18:00:00,0.64789246,0.64869584,lightgbm_lag_features
morocco_high_resolution,2,26,2023-01-08 18:30:00,0.66815038,0.67552359,lightgbm_lag_features
morocco_high_resolution,2,27,2023-01-08 19:00:00,0.67725163,0.69231505,lightgbm_lag_features
morocco_high_resolution,2,28,2023-01-08 19:30:00,0.67410213,0.70267284,lightgbm_lag_features
morocco_high_resolution,2,29,2023-01-08 20:00:00,0.65893053,0.69286140,lightgbm_lag_features
morocco_high_resolution,2,30,2023-01-08 20:30:00,0.63320248,0.64861738,lightgbm_lag_features
morocco_high_resolution,2,31,2023-01-08 21:00:00,0.59932991,0.59638969,lightgbm_lag_features
morocco_high_resolution,2,32,2023-01-08 21:30:00,0.56024876,0.55038100,lightgbm_lag_features
morocco_high_resolution,2,33,2023-01-08 22:00:00,0.51896364,0.51104318,lightgbm_lag_features
morocco_high_resolution,2,34,2023-01-08 22:30:00,0.47815508,0.48713248,lightgbm_lag_features
morocco_high_resolution,2,35,2023-01-08 23:00:00,0.43991673,0.45373440,lightgbm_lag_features
morocco_high_resolution,2,36,2023-01-08 23:30:00,0.40564816,0.42762843,lightgbm_lag_features
morocco_high_resolution,2,37,2023-01-09 00:00:00,0.37502507,0.42739792,lightgbm_lag_features
morocco_high_resolution,2,38,2023-01-09 00:30:00,0.37587359,0.42756898,lightgbm_lag_features
morocco_high_resolution,2,39,2023-01-09 01:00:00,0.37856075,0.42879695,lightgbm_lag_features
morocco_high_resolution,2,40,2023-01-09 01:30:00,0.38423217,0.43520954,lightgbm_lag_features
morocco_high_resolution,2,41,2023-01-09 02:00:00,0.39401669,0.44052392,lightgbm_lag_features
morocco_high_resolution,2,42,2023-01-09 02:30:00,0.40888665,0.44209655,lightgbm_lag_features
morocco_high_resolution,2,43,2023-01-09 03:00:00,0.42950527,0.44745874,lightgbm_lag_features
morocco_high_resolution,2,44,2023-01-09 03:30:00,0.45607791,0.45195021,lightgbm_lag_features
morocco_high_resolution,2,45,2023-01-09 04:00:00,0.48822904,0.46665335,lightgbm_lag_features
morocco_high_resolution,2,46,2023-01-09 04:30:00,0.52492911,0.48026424,lightgbm_lag_features
morocco_high_resolution,2,47,2023-01-09 05:00:00,0.56449375,0.49088920,lightgbm_lag_features
morocco_high_resolution,2,48,2023-01-09 05:30:00,0.60467066,0.51742748,lightgbm_lag_features
morocco_high_resolution,3,1,2023-01-12 12:00:00,0.50331259,0.51680248,lightgbm_lag_features
morocco_high_resolution,3,2,2023-01-12 12:30:00,0.47920539,0.50242888,lightgbm_lag_features
morocco_high_resolution,3,3,2023-01-12 13:00:00,0.46141314,0.49136639,lightgbm_lag_features
morocco_high_resolution,3,4,2023-01-12 13:30:00,0.45177832,0.48615539,lightgbm_lag_features
morocco_high_resolution,3,5,2023-01-12 14:00:00,0.45177669,0.48220170,lightgbm_lag_features
morocco_high_resolution,3,6,2023-01-12 14:30:00,0.46235494,0.48915666,lightgbm_lag_features
morocco_high_resolution,3,7,2023-01-12 15:00:00,0.48373437,0.51615812,lightgbm_lag_features
morocco_high_resolution,3,8,2023-01-12 15:30:00,0.51521356,0.55066153,lightgbm_lag_features
morocco_high_resolution,3,9,2023-01-12 16:00:00,0.55502585,0.58801087,lightgbm_lag_features
morocco_high_resolution,3,10,2023-01-12 16:30:00,0.60031626,0.62180434,lightgbm_lag_features
morocco_high_resolution,3,11,2023-01-12 17:00:00,0.64729152,0.67405212,lightgbm_lag_features
morocco_high_resolution,3,12,2023-01-12 17:30:00,0.69156297,0.71348812,lightgbm_lag_features
morocco_high_resolution,3,13,2023-01-12 18:00:00,0.72865416,0.74419421,lightgbm_lag_features
morocco_high_resolution,3,14,2023-01-12 18:30:00,0.75459456,0.75838108,lightgbm_lag_features
morocco_high_resolution,3,15,2023-01-12 19:00:00,0.76648597,0.75478508,lightgbm_lag_features
morocco_high_resolution,3,16,2023-01-12 19:30:00,0.76292225,0.74651682,lightgbm_lag_features
morocco_high_resolution,3,17,2023-01-12 20:00:00,0.74417000,0.73485682,lightgbm_lag_features
morocco_high_resolution,3,18,2023-01-12 20:30:00,0.71207246,0.71930193,lightgbm_lag_features
morocco_high_resolution,3,19,2023-01-12 21:00:00,0.66970389,0.67705894,lightgbm_lag_features
morocco_high_resolution,3,20,2023-01-12 21:30:00,0.62085773,0.62364409,lightgbm_lag_features
morocco_high_resolution,3,21,2023-01-12 22:00:00,0.56948274,0.57263385,lightgbm_lag_features
morocco_high_resolution,3,22,2023-01-12 22:30:00,0.51917945,0.52859039,lightgbm_lag_features
morocco_high_resolution,3,23,2023-01-12 23:00:00,0.47283909,0.48917932,lightgbm_lag_features
morocco_high_resolution,3,24,2023-01-12 23:30:00,0.43246145,0.44797366,lightgbm_lag_features
morocco_high_resolution,3,25,2023-01-13 00:00:00,0.33782066,0.41764404,lightgbm_lag_features
morocco_high_resolution,3,26,2023-01-13 00:30:00,0.33921650,0.40925711,lightgbm_lag_features
morocco_high_resolution,3,27,2023-01-13 01:00:00,0.34405871,0.41546881,lightgbm_lag_features
morocco_high_resolution,3,28,2023-01-13 01:30:00,0.35318199,0.41768553,lightgbm_lag_features
morocco_high_resolution,3,29,2023-01-13 02:00:00,0.36724485,0.42068757,lightgbm_lag_features
morocco_high_resolution,3,30,2023-01-13 02:30:00,0.38664265,0.42120206,lightgbm_lag_features
morocco_high_resolution,3,31,2023-01-13 03:00:00,0.41142115,0.44431287,lightgbm_lag_features
morocco_high_resolution,3,32,2023-01-13 03:30:00,0.44120005,0.46762506,lightgbm_lag_features
morocco_high_resolution,3,33,2023-01-13 04:00:00,0.47511994,0.49637368,lightgbm_lag_features
morocco_high_resolution,3,34,2023-01-13 04:30:00,0.51182866,0.52151978,lightgbm_lag_features
morocco_high_resolution,3,35,2023-01-13 05:00:00,0.54952214,0.54819520,lightgbm_lag_features
morocco_high_resolution,3,36,2023-01-13 05:30:00,0.58604962,0.57359443,lightgbm_lag_features
morocco_high_resolution,3,37,2023-01-13 06:00:00,0.61908360,0.60365260,lightgbm_lag_features
morocco_high_resolution,3,38,2023-01-13 06:30:00,0.64634200,0.63031673,lightgbm_lag_features
morocco_high_resolution,3,39,2023-01-13 07:00:00,0.66583719,0.65337763,lightgbm_lag_features
morocco_high_resolution,3,40,2023-01-13 07:30:00,0.67611634,0.66681227,lightgbm_lag_features
morocco_high_resolution,3,41,2023-01-13 08:00:00,0.67645419,0.67480095,lightgbm_lag_features
morocco_high_resolution,3,42,2023-01-13 08:30:00,0.66696408,0.67621464,lightgbm_lag_features
morocco_high_resolution,3,43,2023-01-13 09:00:00,0.64860598,0.66768022,lightgbm_lag_features
morocco_high_resolution,3,44,2023-01-13 09:30:00,0.62308929,0.64640195,lightgbm_lag_features
morocco_high_resolution,3,45,2023-01-13 10:00:00,0.59268773,0.61777231,lightgbm_lag_features
morocco_high_resolution,3,46,2023-01-13 10:30:00,0.56000049,0.59499056,lightgbm_lag_features
morocco_high_resolution,3,47,2023-01-13 11:00:00,0.52770172,0.56710291,lightgbm_lag_features
morocco_high_resolution,3,48,2023-01-13 11:30:00,0.49831875,0.53225996,lightgbm_lag_features
morocco_high_resolution,4,1,2023-01-16 18:00:00,0.74786500,0.72388541,lightgbm_lag_features
morocco_high_resolution,4,2,2023-01-16 18:30:00,0.77182605,0.72941174,lightgbm_lag_features
morocco_high_resolution,4,3,2023-01-16 19:00:00,0.78020016,0.72655561,lightgbm_lag_features
morocco_high_resolution,4,4,2023-01-16 19:30:00,0.77198584,0.72014966,lightgbm_lag_features
morocco_high_resolution,4,5,2023-01-16 20:00:00,0.74797876,0.70049262,lightgbm_lag_features
morocco_high_resolution,4,6,2023-01-16 20:30:00,0.71061838,0.67451147,lightgbm_lag_features
morocco_high_resolution,4,7,2023-01-16 21:00:00,0.66357665,0.63290523,lightgbm_lag_features
morocco_high_resolution,4,8,2023-01-16 21:30:00,0.61117958,0.57201617,lightgbm_lag_features
morocco_high_resolution,4,9,2023-01-16 22:00:00,0.55778326,0.54105192,lightgbm_lag_features
morocco_high_resolution,4,10,2023-01-16 22:30:00,0.50722393,0.49875868,lightgbm_lag_features
morocco_high_resolution,4,11,2023-01-16 23:00:00,0.46242983,0.45889608,lightgbm_lag_features
morocco_high_resolution,4,12,2023-01-16 23:30:00,0.42523457,0.42576889,lightgbm_lag_features
morocco_high_resolution,4,13,2023-01-17 00:00:00,0.33445253,0.39976116,lightgbm_lag_features
morocco_high_resolution,4,14,2023-01-17 00:30:00,0.34136357,0.39536512,lightgbm_lag_features
morocco_high_resolution,4,15,2023-01-17 01:00:00,0.35191340,0.40156206,lightgbm_lag_features
morocco_high_resolution,4,16,2023-01-17 01:30:00,0.36634351,0.40909690,lightgbm_lag_features
morocco_high_resolution,4,17,2023-01-17 02:00:00,0.38476832,0.42166305,lightgbm_lag_features
morocco_high_resolution,4,18,2023-01-17 02:30:00,0.40714835,0.43148718,lightgbm_lag_features
morocco_high_resolution,4,19,2023-01-17 03:00:00,0.43325131,0.45032886,lightgbm_lag_features
morocco_high_resolution,4,20,2023-01-17 03:30:00,0.46260551,0.46961095,lightgbm_lag_features
morocco_high_resolution,4,21,2023-01-17 04:00:00,0.49445552,0.49046749,lightgbm_lag_features
morocco_high_resolution,4,22,2023-01-17 04:30:00,0.52773538,0.52741984,lightgbm_lag_features
morocco_high_resolution,4,23,2023-01-17 05:00:00,0.56107594,0.54756261,lightgbm_lag_features
morocco_high_resolution,4,24,2023-01-17 05:30:00,0.59286028,0.57633079,lightgbm_lag_features
morocco_high_resolution,4,25,2023-01-17 06:00:00,0.62133329,0.60840709,lightgbm_lag_features
morocco_high_resolution,4,26,2023-01-17 06:30:00,0.64475969,0.63112054,lightgbm_lag_features
morocco_high_resolution,4,27,2023-01-17 07:00:00,0.66161241,0.65639829,lightgbm_lag_features
morocco_high_resolution,4,28,2023-01-17 07:30:00,0.67076235,0.67157179,lightgbm_lag_features
morocco_high_resolution,4,29,2023-01-17 08:00:00,0.67163602,0.67464649,lightgbm_lag_features
morocco_high_resolution,4,30,2023-01-17 08:30:00,0.66431059,0.67193787,lightgbm_lag_features
morocco_high_resolution,4,31,2023-01-17 09:00:00,0.64952663,0.66597804,lightgbm_lag_features
morocco_high_resolution,4,32,2023-01-17 09:30:00,0.62861549,0.64540302,lightgbm_lag_features
morocco_high_resolution,4,33,2023-01-17 10:00:00,0.60335621,0.61495493,lightgbm_lag_features
morocco_high_resolution,4,34,2023-01-17 10:30:00,0.57579147,0.58864140,lightgbm_lag_features
morocco_high_resolution,4,35,2023-01-17 11:00:00,0.54803903,0.55724095,lightgbm_lag_features
morocco_high_resolution,4,36,2023-01-17 11:30:00,0.52213250,0.53108026,lightgbm_lag_features
morocco_high_resolution,4,37,2023-01-17 12:00:00,0.49991287,0.50003198,lightgbm_lag_features
morocco_high_resolution,4,38,2023-01-17 12:30:00,0.48297415,0.47560647,lightgbm_lag_features
morocco_high_resolution,4,39,2023-01-17 13:00:00,0.47264703,0.46196209,lightgbm_lag_features
morocco_high_resolution,4,40,2023-01-17 13:30:00,0.46999077,0.45507020,lightgbm_lag_features
morocco_high_resolution,4,41,2023-01-17 14:00:00,0.47575968,0.45971037,lightgbm_lag_features
morocco_high_resolution,4,42,2023-01-17 14:30:00,0.49032052,0.48141160,lightgbm_lag_features
morocco_high_resolution,4,43,2023-01-17 15:00:00,0.51351885,0.50745549,lightgbm_lag_features
morocco_high_resolution,4,44,2023-01-17 15:30:00,0.54452037,0.53913209,lightgbm_lag_features
morocco_high_resolution,4,45,2023-01-17 16:00:00,0.58167907,0.57396403,lightgbm_lag_features
morocco_high_resolution,4,46,2023-01-17 16:30:00,0.62249652,0.62085439,lightgbm_lag_features
morocco_high_resolution,4,47,2023-01-17 17:00:00,0.66372870,0.66725155,lightgbm_lag_features
morocco_high_resolution,4,48,2023-01-17 17:30:00,0.70166609,0.69970426,lightgbm_lag_features
morocco_high_resolution,5,1,2023-01-21 00:00:00,0.31289774,0.41540733,lightgbm_lag_features
morocco_high_resolution,5,2,2023-01-21 00:30:00,0.32268065,0.39218336,lightgbm_lag_features
morocco_high_resolution,5,3,2023-01-21 01:00:00,0.33429258,0.38398485,lightgbm_lag_features
morocco_high_resolution,5,4,2023-01-21 01:30:00,0.34772709,0.37988083,lightgbm_lag_features
morocco_high_resolution,5,5,2023-01-21 02:00:00,0.36304895,0.38116659,lightgbm_lag_features
morocco_high_resolution,5,6,2023-01-21 02:30:00,0.38037408,0.38445142,lightgbm_lag_features
morocco_high_resolution,5,7,2023-01-21 03:00:00,0.39981760,0.38906489,lightgbm_lag_features
morocco_high_resolution,5,8,2023-01-21 03:30:00,0.42141570,0.40501515,lightgbm_lag_features
morocco_high_resolution,5,9,2023-01-21 04:00:00,0.44503445,0.42291418,lightgbm_lag_features
morocco_high_resolution,5,10,2023-01-21 04:30:00,0.47028479,0.44540668,lightgbm_lag_features
morocco_high_resolution,5,11,2023-01-21 05:00:00,0.49646579,0.47794050,lightgbm_lag_features
morocco_high_resolution,5,12,2023-01-21 05:30:00,0.52255537,0.51292351,lightgbm_lag_features
morocco_high_resolution,5,13,2023-01-21 06:00:00,0.54726085,0.54638891,lightgbm_lag_features
morocco_high_resolution,5,14,2023-01-21 06:30:00,0.56912944,0.56681224,lightgbm_lag_features
morocco_high_resolution,5,15,2023-01-21 07:00:00,0.58670579,0.57834797,lightgbm_lag_features
morocco_high_resolution,5,16,2023-01-21 07:30:00,0.59871186,0.59722321,lightgbm_lag_features
morocco_high_resolution,5,17,2023-01-21 08:00:00,0.60421785,0.60548420,lightgbm_lag_features
morocco_high_resolution,5,18,2023-01-21 08:30:00,0.60277350,0.60087371,lightgbm_lag_features
morocco_high_resolution,5,19,2023-01-21 09:00:00,0.59447688,0.59313361,lightgbm_lag_features
morocco_high_resolution,5,20,2023-01-21 09:30:00,0.57997161,0.57907726,lightgbm_lag_features
morocco_high_resolution,5,21,2023-01-21 10:00:00,0.56037916,0.56421150,lightgbm_lag_features
morocco_high_resolution,5,22,2023-01-21 10:30:00,0.53718598,0.53488505,lightgbm_lag_features
morocco_high_resolution,5,23,2023-01-21 11:00:00,0.51211281,0.50981642,lightgbm_lag_features
morocco_high_resolution,5,24,2023-01-21 11:30:00,0.48699206,0.48771025,lightgbm_lag_features
morocco_high_resolution,5,25,2023-01-21 12:00:00,0.46367071,0.45777877,lightgbm_lag_features
morocco_high_resolution,5,26,2023-01-21 12:30:00,0.44394123,0.43360526,lightgbm_lag_features
morocco_high_resolution,5,27,2023-01-21 13:00:00,0.42948845,0.42105350,lightgbm_lag_features
morocco_high_resolution,5,28,2023-01-21 13:30:00,0.42182929,0.41260465,lightgbm_lag_features
morocco_high_resolution,5,29,2023-01-21 14:00:00,0.42222101,0.41584132,lightgbm_lag_features
morocco_high_resolution,5,30,2023-01-21 14:30:00,0.43152317,0.42007661,lightgbm_lag_features
morocco_high_resolution,5,31,2023-01-21 15:00:00,0.45001848,0.43332346,lightgbm_lag_features
morocco_high_resolution,5,32,2023-01-21 15:30:00,0.47722260,0.46915924,lightgbm_lag_features
morocco_high_resolution,5,33,2023-01-21 16:00:00,0.51173504,0.49872679,lightgbm_lag_features
morocco_high_resolution,5,34,2023-01-21 16:30:00,0.55119251,0.52889216,lightgbm_lag_features
morocco_high_resolution,5,35,2023-01-21 17:00:00,0.59237704,0.57803332,lightgbm_lag_features
morocco_high_resolution,5,36,2023-01-21 17:30:00,0.63150068,0.61759588,lightgbm_lag_features
morocco_high_resolution,5,37,2023-01-21 18:00:00,0.66464446,0.65423611,lightgbm_lag_features
morocco_high_resolution,5,38,2023-01-21 18:30:00,0.68828273,0.67944776,lightgbm_lag_features
morocco_high_resolution,5,39,2023-01-21 19:00:00,0.69979090,0.69320190,lightgbm_lag_features
morocco_high_resolution,5,40,2023-01-21 19:30:00,0.69782811,0.69007321,lightgbm_lag_features
morocco_high_resolution,5,41,2023-01-21 20:00:00,0.68250995,0.67755728,lightgbm_lag_features
morocco_high_resolution,5,42,2023-01-21 20:30:00,0.65533521,0.65396952,lightgbm_lag_features
morocco_high_resolution,5,43,2023-01-21 21:00:00,0.61888988,0.61523747,lightgbm_lag_features
morocco_high_resolution,5,44,2023-01-21 21:30:00,0.57640262,0.57253922,lightgbm_lag_features
morocco_high_resolution,5,45,2023-01-21 22:00:00,0.53125377,0.51906483,lightgbm_lag_features
morocco_high_resolution,5,46,2023-01-21 22:30:00,0.48653868,0.47614811,lightgbm_lag_features
morocco_high_resolution,5,47,2023-01-21 23:00:00,0.44475834,0.43605404,lightgbm_lag_features
morocco_high_resolution,5,48,2023-01-21 23:30:00,0.40766869,0.40433716,lightgbm_lag_features
nigeria_smart_meter,1,1,2023-01-04 00:00:00,0.29124943,0.36794501,lightgbm_lag_features
nigeria_smart_meter,1,2,2023-01-04 00:30:00,0.29880203,0.36794501,lightgbm_lag_features
nigeria_smart_meter,1,3,2023-01-04 01:00:00,0.30719475,0.36509462,lightgbm_lag_features
nigeria_smart_meter,1,4,2023-01-04 01:30:00,0.31620383,0.36509462,lightgbm_lag_features
nigeria_smart_meter,1,5,2023-01-04 02:00:00,0.32569003,0.35609007,lightgbm_lag_features
nigeria_smart_meter,1,6,2023-01-04 02:30:00,0.33560649,0.34895349,lightgbm_lag_features
nigeria_smart_meter,1,7,2023-01-04 03:00:00,0.34598154,0.34895349,lightgbm_lag_features
nigeria_smart_meter,1,8,2023-01-04 03:30:00,0.35687859,0.34895349,lightgbm_lag_features
nigeria_smart_meter,1,9,2023-01-04 04:00:00,0.36834002,0.34895349,lightgbm_lag_features
nigeria_smart_meter,1,10,2023-01-04 04:30:00,0.38032660,0.35550645,lightgbm_lag_features
nigeria_smart_meter,1,11,2023-01-04 05:00:00,0.39266595,0.35550645,lightgbm_lag_features
nigeria_smart_meter,1,12,2023-01-04 05:30:00,0.40502345,0.35550645,lightgbm_lag_features
nigeria_smart_meter,1,13,2023-01-04 06:00:00,0.41690466,0.42569314,lightgbm_lag_features
nigeria_smart_meter,1,14,2023-01-04 06:30:00,0.42769247,0.46374874,lightgbm_lag_features
nigeria_smart_meter,1,15,2023-01-04 07:00:00,0.43671425,0.48067537,lightgbm_lag_features
nigeria_smart_meter,1,16,2023-01-04 07:30:00,0.44332770,0.48459763,lightgbm_lag_features
nigeria_smart_meter,1,17,2023-01-04 08:00:00,0.44700959,0.48744802,lightgbm_lag_features
nigeria_smart_meter,1,18,2023-01-04 08:30:00,0.44743137,0.48744802,lightgbm_lag_features
nigeria_smart_meter,1,19,2023-01-04 09:00:00,0.44450927,0.48744802,lightgbm_lag_features
nigeria_smart_meter,1,20,2023-01-04 09:30:00,0.43842328,0.48031144,lightgbm_lag_features
nigeria_smart_meter,1,21,2023-01-04 10:00:00,0.42960736,0.46447939,lightgbm_lag_features
nigeria_smart_meter,1,22,2023-01-04 10:30:00,0.41871992,0.40142927,lightgbm_lag_features
nigeria_smart_meter,1,23,2023-01-04 11:00:00,0.40660643,0.36227909,lightgbm_lag_features
nigeria_smart_meter,1,24,2023-01-04 11:30:00,0.39426486,0.35835683,lightgbm_lag_features
nigeria_smart_meter,1,25,2023-01-04 12:00:00,0.38281816,0.35835683,lightgbm_lag_features
nigeria_smart_meter,1,26,2023-01-04 12:30:00,0.37348930,0.35012085,lightgbm_lag_features
nigeria_smart_meter,1,27,2023-01-04 13:00:00,0.36756598,0.35012085,lightgbm_lag_features
nigeria_smart_meter,1,28,2023-01-04 13:30:00,0.36633674,0.35012085,lightgbm_lag_features
nigeria_smart_meter,1,29,2023-01-04 14:00:00,0.37098252,0.35667380,lightgbm_lag_features
nigeria_smart_meter,1,30,2023-01-04 14:30:00,0.38241792,0.35667380,lightgbm_lag_features
nigeria_smart_meter,1,31,2023-01-04 15:00:00,0.40109395,0.36381038,lightgbm_lag_features
nigeria_smart_meter,1,32,2023-01-04 15:30:00,0.42679499,0.45169710,lightgbm_lag_features
nigeria_smart_meter,1,33,2023-01-04 16:00:00,0.45847986,0.49084728,lightgbm_lag_features
nigeria_smart_meter,1,34,2023-01-04 16:30:00,0.49422308,0.49476954,lightgbm_lag_features
nigeria_smart_meter,1,35,2023-01-04 17:00:00,0.53130221,0.49761992,lightgbm_lag_features
nigeria_smart_meter,1,36,2023-01-04 17:30:00,0.56644887,0.49761992,lightgbm_lag_features
nigeria_smart_meter,1,37,2023-01-04 18:00:00,0.59624142,0.49761992,lightgbm_lag_features
nigeria_smart_meter,1,38,2023-01-04 18:30:00,0.61757601,0.49761992,lightgbm_lag_features
nigeria_smart_meter,1,39,2023-01-04 19:00:00,0.62812403,0.49761992,lightgbm_lag_features
nigeria_smart_meter,1,40,2023-01-04 19:30:00,0.62667891,0.49761992,lightgbm_lag_features
nigeria_smart_meter,1,41,2023-01-04 20:00:00,0.61331655,0.49761992,lightgbm_lag_features
nigeria_smart_meter,1,42,2023-01-04 20:30:00,0.58933749,0.49761992,lightgbm_lag_features
nigeria_smart_meter,1,43,2023-01-04 21:00:00,0.55701124,0.49761992,lightgbm_lag_features
nigeria_smart_meter,1,44,2023-01-04 21:30:00,0.51918805,0.49761992,lightgbm_lag_features
nigeria_smart_meter,1,45,2023-01-04 22:00:00,0.47886807,0.49761992,lightgbm_lag_features
nigeria_smart_meter,1,46,2023-01-04 22:30:00,0.43881642,0.41873776,lightgbm_lag_features
nigeria_smart_meter,1,47,2023-01-04 23:00:00,0.40128833,0.39848385,lightgbm_lag_features
nigeria_smart_meter,1,48,2023-01-04 23:30:00,0.36789199,0.36794501,lightgbm_lag_features
nigeria_smart_meter,2,1,2023-01-08 06:00:00,0.33183484,0.32125571,lightgbm_lag_features
nigeria_smart_meter,2,2,2023-01-08 06:30:00,0.34552438,0.32894386,lightgbm_lag_features
nigeria_smart_meter,2,3,2023-01-08 07:00:00,0.35798005,0.33031223,lightgbm_lag_features
nigeria_smart_meter,2,4,2023-01-08 07:30:00,0.36812437,0.34668353,lightgbm_lag_features
nigeria_smart_meter,2,5,2023-01-08 08:00:00,0.37501557,0.35252404,lightgbm_lag_features
nigeria_smart_meter,2,6,2023-01-08 08:30:00,0.37796589,0.34982693,lightgbm_lag_features
nigeria_smart_meter,2,7,2023-01-08 09:00:00,0.37662876,0.34755698,lightgbm_lag_features
nigeria_smart_meter,2,8,2023-01-08 09:30:00,0.37104496,0.34755698,lightgbm_lag_features
nigeria_smart_meter,2,9,2023-01-08 10:00:00,0.36164644,0.34744147,lightgbm_lag_features
nigeria_smart_meter,2,10,2023-01-08 10:30:00,0.34922361,0.34736231,lightgbm_lag_features
nigeria_smart_meter,2,11,2023-01-08 11:00:00,0.33486705,0.34736231,lightgbm_lag_features
nigeria_smart_meter,2,12,2023-01-08 11:30:00,0.31989507,0.34222601,lightgbm_lag_features
nigeria_smart_meter,2,13,2023-01-08 12:00:00,0.30577564,0.32889610,lightgbm_lag_features
nigeria_smart_meter,2,14,2023-01-08 12:30:00,0.29404533,0.31855161,lightgbm_lag_features
nigeria_smart_meter,2,15,2023-01-08 13:00:00,0.28622113,0.31181280,lightgbm_lag_features
nigeria_smart_meter,2,16,2023-01-08 13:30:00,0.28369711,0.31141602,lightgbm_lag_features
nigeria_smart_meter,2,17,2023-01-08 14:00:00,0.28761844,0.31201871,lightgbm_lag_features
nigeria_smart_meter,2,18,2023-01-08 14:30:00,0.29873199,0.31531309,lightgbm_lag_features
nigeria_smart_meter,2,19,2023-01-08 15:00:00,0.31722544,0.31752871,lightgbm_lag_features
nigeria_smart_meter,2,20,2023-01-08 15:30:00,0.34258135,0.33205124,lightgbm_lag_features
nigeria_smart_meter,2,21,2023-01-08 16:00:00,0.37348472,0.36063937,lightgbm_lag_features
nigeria_smart_meter,2,22,2023-01-08 16:30:00,0.40782575,0.38352327,lightgbm_lag_features
nigeria_smart_meter,2,23,2023-01-08 17:00:00,0.44282969,0.39919247,lightgbm_lag_features
nigeria_smart_meter,2,24,2023-01-08 17:30:00,0.47532197,0.44066908,lightgbm_lag_features
nigeria_smart_meter,2,25,2023-01-08 18:00:00,0.50210409,0.46880445,lightgbm_lag_features
nigeria_smart_meter,2,26,2023-01-08 18:30:00,0.52038269,0.48560466,lightgbm_lag_features
nigeria_smart_meter,2,27,2023-01-08 19:00:00,0.52817191,0.50166427,lightgbm_lag_features
nigeria_smart_meter,2,28,2023-01-08 19:30:00,0.52458641,0.51210862,lightgbm_lag_features
nigeria_smart_meter,2,29,2023-01-08 20:00:00,0.50996203,0.51322642,lightgbm_lag_features
nigeria_smart_meter,2,30,2023-01-08 20:30:00,0.48577905,0.50067349,lightgbm_lag_features
nigeria_smart_meter,2,31,2023-01-08 21:00:00,0.45440750,0.47168824,lightgbm_lag_features
nigeria_smart_meter,2,32,2023-01-08 21:30:00,0.41873315,0.41610927,lightgbm_lag_features
nigeria_smart_meter,2,33,2023-01-08 22:00:00,0.38174368,0.37680731,lightgbm_lag_features
nigeria_smart_meter,2,34,2023-01-08 22:30:00,0.34615454,0.34568924,lightgbm_lag_features
nigeria_smart_meter,2,35,2023-01-08 23:00:00,0.31413349,0.32561381,lightgbm_lag_features
nigeria_smart_meter,2,36,2023-01-08 23:30:00,0.28715228,0.30225712,lightgbm_lag_features
nigeria_smart_meter,2,37,2023-01-09 00:00:00,0.26404509,0.29001375,lightgbm_lag_features
nigeria_smart_meter,2,38,2023-01-09 00:30:00,0.26604684,0.28315113,lightgbm_lag_features
nigeria_smart_meter,2,39,2023-01-09 01:00:00,0.27075865,0.27493964,lightgbm_lag_features
nigeria_smart_meter,2,40,2023-01-09 01:30:00,0.27833886,0.27493964,lightgbm_lag_features
nigeria_smart_meter,2,41,2023-01-09 02:00:00,0.28877554,0.27493964,lightgbm_lag_features
nigeria_smart_meter,2,42,2023-01-09 02:30:00,0.30188074,0.27653949,lightgbm_lag_features
nigeria_smart_meter,2,43,2023-01-09 03:00:00,0.31729019,0.27786705,lightgbm_lag_features
nigeria_smart_meter,2,44,2023-01-09 03:30:00,0.33446822,0.27819821,lightgbm_lag_features
nigeria_smart_meter,2,45,2023-01-09 04:00:00,0.35272007,0.28364802,lightgbm_lag_features
nigeria_smart_meter,2,46,2023-01-09 04:30:00,0.37121500,0.28401037,lightgbm_lag_features
nigeria_smart_meter,2,47,2023-01-09 05:00:00,0.38902455,0.28538830,lightgbm_lag_features
nigeria_smart_meter,2,48,2023-01-09 05:30:00,0.40517859,0.28538830,lightgbm_lag_features
nigeria_smart_meter,3,1,2023-01-12 12:00:00,0.35360542,0.35614609,lightgbm_lag_features
nigeria_smart_meter,3,2,2023-01-12 12:30:00,0.34229819,0.34783248,lightgbm_lag_features
nigeria_smart_meter,3,3,2023-01-12 13:00:00,0.33736388,0.34805061,lightgbm_lag_features
nigeria_smart_meter,3,4,2023-01-12 13:30:00,0.34001335,0.34933076,lightgbm_lag_features
nigeria_smart_meter,3,5,2023-01-12 14:00:00,0.35103022,0.35823233,lightgbm_lag_features
nigeria_smart_meter,3,6,2023-01-12 14:30:00,0.37065654,0.37210206,lightgbm_lag_features
nigeria_smart_meter,3,7,2023-01-12 15:00:00,0.39847048,0.39066356,lightgbm_lag_features
nigeria_smart_meter,3,8,2023-01-12 15:30:00,0.43328023,0.41180585,lightgbm_lag_features
nigeria_smart_meter,3,9,2023-01-12 16:00:00,0.47307300,0.44510149,lightgbm_lag_features
nigeria_smart_meter,3,10,2023-01-12 16:30:00,0.51506306,0.48567687,lightgbm_lag_features
nigeria_smart_meter,3,11,2023-01-12 17:00:00,0.55587297,0.51973544,lightgbm_lag_features
nigeria_smart_meter,3,12,2023-01-12 17:30:00,0.59185552,0.55608050,lightgbm_lag_features
nigeria_smart_meter,3,13,2023-01-12 18:00:00,0.61952691,0.58415901,lightgbm_lag_features
nigeria_smart_meter,3,14,2023-01-12 18:30:00,0.63604398,0.59083135,lightgbm_lag_features
nigeria_smart_meter,3,15,2023-01-12 19:00:00,0.63963309,0.59083135,lightgbm_lag_features
nigeria_smart_meter,3,16,2023-01-12 19:30:00,0.62987675,0.58942424,lightgbm_lag_features
nigeria_smart_meter,3,17,2023-01-12 20:00:00,0.60778874,0.57943775,lightgbm_lag_features
nigeria_smart_meter,3,18,2023-01-12 20:30:00,0.57565467,0.56373272,lightgbm_lag_features
nigeria_smart_meter,3,19,2023-01-12 21:00:00,0.53666902,0.53379019,lightgbm_lag_features
nigeria_smart_meter,3,20,2023-01-12 21:30:00,0.49444534,0.50296419,lightgbm_lag_features
nigeria_smart_meter,3,21,2023-01-12 22:00:00,0.45250085,0.45626062,lightgbm_lag_features
nigeria_smart_meter,3,22,2023-01-12 22:30:00,0.41381314,0.42564358,lightgbm_lag_features
nigeria_smart_meter,3,23,2023-01-12 23:00:00,0.38052027,0.40016400,lightgbm_lag_features
nigeria_smart_meter,3,24,2023-01-12 23:30:00,0.35379493,0.37363409,lightgbm_lag_features
nigeria_smart_meter,3,25,2023-01-13 00:00:00,0.28102403,0.34241068,lightgbm_lag_features
nigeria_smart_meter,3,26,2023-01-13 00:30:00,0.28811201,0.32734873,lightgbm_lag_features
nigeria_smart_meter,3,27,2023-01-13 01:00:00,0.29686798,0.31413915,lightgbm_lag_features
nigeria_smart_meter,3,28,2023-01-13 01:30:00,0.30704612,0.31253954,lightgbm_lag_features
nigeria_smart_meter,3,29,2023-01-13 02:00:00,0.31839649,0.31548443,lightgbm_lag_features
nigeria_smart_meter,3,30,2023-01-13 02:30:00,0.33068534,0.32134859,lightgbm_lag_features
nigeria_smart_meter,3,31,2023-01-13 03:00:00,0.34369890,0.33113242,lightgbm_lag_features
nigeria_smart_meter,3,32,2023-01-13 03:30:00,0.35723027,0.34090534,lightgbm_lag_features
nigeria_smart_meter,3,33,2023-01-13 04:00:00,0.37105336,0.34871906,lightgbm_lag_features
nigeria_smart_meter,3,34,2023-01-13 04:30:00,0.38489188,0.35937051,lightgbm_lag_features
nigeria_smart_meter,3,35,2023-01-13 05:00:00,0.39839390,0.36875897,lightgbm_lag_features
nigeria_smart_meter,3,36,2023-01-13 05:30:00,0.41112218,0.38249085,lightgbm_lag_features
nigeria_smart_meter,3,37,2023-01-13 06:00:00,0.42256756,0.39095351,lightgbm_lag_features
nigeria_smart_meter,3,38,2023-01-13 06:30:00,0.43218722,0.39492131,lightgbm_lag_features
nigeria_smart_meter,3,39,2023-01-13 07:00:00,0.43946339,0.39365631,lightgbm_lag_features
nigeria_smart_meter,3,40,2023-01-13 07:30:00,0.44397182,0.39336722,lightgbm_lag_features
nigeria_smart_meter,3,41,2023-01-13 08:00:00,0.44544661,0.39382364,lightgbm_lag_features
nigeria_smart_meter,3,42,2023-01-13 08:30:00,0.44382755,0.39326970,lightgbm_lag_features
nigeria_smart_meter,3,43,2023-01-13 09:00:00,0.43928101,0.39332133,lightgbm_lag_features
nigeria_smart_meter,3,44,2023-01-13 09:30:00,0.43219172,0.39399993,lightgbm_lag_features
nigeria_smart_meter,3,45,2023-01-13 10:00:00,0.42313074,0.38973251,lightgbm_lag_features
nigeria_smart_meter,3,46,2023-01-13 10:30:00,0.41281106,0.38358890,lightgbm_lag_features
nigeria_smart_meter,3,47,2023-01-13 11:00:00,0.40204454,0.37486488,lightgbm_lag_features
nigeria_smart_meter,3,48,2023-01-13 11:30:00,0.39171123,0.35935488,lightgbm_lag_features
nigeria_smart_meter,4,1,2023-01-16 18:00:00,0.64483470,0.60867221,lightgbm_lag_features
nigeria_smart_meter,4,2,2023-01-16 18:30:00,0.65835860,0.59966132,lightgbm_lag_features
nigeria_smart_meter,4,3,2023-01-16 19:00:00,0.65977584,0.59680609,lightgbm_lag_features
nigeria_smart_meter,4,4,2023-01-16 19:30:00,0.64890019,0.59361827,lightgbm_lag_features
nigeria_smart_meter,4,5,2023-01-16 20:00:00,0.62685872,0.58762030,lightgbm_lag_features
nigeria_smart_meter,4,6,2023-01-16 20:30:00,0.59591662,0.56980007,lightgbm_lag_features
nigeria_smart_meter,4,7,2023-01-16 21:00:00,0.55910985,0.53727093,lightgbm_lag_features
nigeria_smart_meter,4,8,2023-01-16 21:30:00,0.51976478,0.49714973,lightgbm_lag_features
nigeria_smart_meter,4,9,2023-01-16 22:00:00,0.48100779,0.45770738,lightgbm_lag_features
nigeria_smart_meter,4,10,2023-01-16 22:30:00,0.44536224,0.41864509,lightgbm_lag_features
nigeria_smart_meter,4,11,2023-01-16 23:00:00,0.41450064,0.38838331,lightgbm_lag_features
nigeria_smart_meter,4,12,2023-01-16 23:30:00,0.38917669,0.36302041,lightgbm_lag_features
nigeria_smart_meter,4,13,2023-01-17 00:00:00,0.31354039,0.33276806,lightgbm_lag_features
nigeria_smart_meter,4,14,2023-01-17 00:30:00,0.32032044,0.31615348,lightgbm_lag_features
nigeria_smart_meter,4,15,2023-01-17 01:00:00,0.32705777,0.31063583,lightgbm_lag_features
nigeria_smart_meter,4,16,2023-01-17 01:30:00,0.33376008,0.31628818,lightgbm_lag_features
nigeria_smart_meter,4,17,2023-01-17 02:00:00,0.34059910,0.32354089,lightgbm_lag_features
nigeria_smart_meter,4,18,2023-01-17 02:30:00,0.34788401,0.33167271,lightgbm_lag_features
nigeria_smart_meter,4,19,2023-01-17 03:00:00,0.35600423,0.34313600,lightgbm_lag_features
nigeria_smart_meter,4,20,2023-01-17 03:30:00,0.36534782,0.35802239,lightgbm_lag_features
nigeria_smart_meter,4,21,2023-01-17 04:00:00,0.37620737,0.37448108,lightgbm_lag_features
nigeria_smart_meter,4,22,2023-01-17 04:30:00,0.38868894,0.39171618,lightgbm_lag_features
nigeria_smart_meter,4,23,2023-01-17 05:00:00,0.40264170,0.40658252,lightgbm_lag_features
nigeria_smart_meter,4,24,2023-01-17 05:30:00,0.41762374,0.42076504,lightgbm_lag_features
nigeria_smart_meter,4,25,2023-01-17 06:00:00,0.43291429,0.42672010,lightgbm_lag_features
nigeria_smart_meter,4,26,2023-01-17 06:30:00,0.44757458,0.43097442,lightgbm_lag_features
nigeria_smart_meter,4,27,2023-01-17 07:00:00,0.46055017,0.42934415,lightgbm_lag_features
nigeria_smart_meter,4,28,2023-01-17 07:30:00,0.47079925,0.42090366,lightgbm_lag_features
nigeria_smart_meter,4,29,2023-01-17 08:00:00,0.47742630,0.41020948,lightgbm_lag_features
nigeria_smart_meter,4,30,2023-01-17 08:30:00,0.47979976,0.40418996,lightgbm_lag_features
nigeria_smart_meter,4,31,2023-01-17 09:00:00,0.47763634,0.39891744,lightgbm_lag_features
nigeria_smart_meter,4,32,2023-01-17 09:30:00,0.47104270,0.39617927,lightgbm_lag_features
nigeria_smart_meter,4,33,2023-01-17 10:00:00,0.46051450,0.39660997,lightgbm_lag_features
nigeria_smart_meter,4,34,2023-01-17 10:30:00,0.44690108,0.39915515,lightgbm_lag_features
nigeria_smart_meter,4,35,2023-01-17 11:00:00,0.43134912,0.39767007,lightgbm_lag_features
nigeria_smart_meter,4,36,2023-01-17 11:30:00,0.41523798,0.39842443,lightgbm_lag_features
nigeria_smart_meter,4,37,2023-01-17 12:00:00,0.40011477,0.39919507,lightgbm_lag_features
nigeria_smart_meter,4,38,2023-01-17 12:30:00,0.38762820,0.39879881,lightgbm_lag_features
nigeria_smart_meter,4,39,2023-01-17 13:00:00,0.37945208,0.39939753,lightgbm_lag_features
nigeria_smart_meter,4,40,2023-01-17 13:30:00,0.37718348,0.39910737,lightgbm_lag_features
nigeria_smart_meter,4,41,2023-01-17 14:00:00,0.38220259,0.40303066,lightgbm_lag_features
nigeria_smart_meter,4,42,2023-01-17 14:30:00,0.39549059,0.40852304,lightgbm_lag_features
nigeria_smart_meter,4,43,2023-01-17 15:00:00,0.41741966,0.42891461,lightgbm_lag_features
nigeria_smart_meter,4,44,2023-01-17 15:30:00,0.44754966,0.44515630,lightgbm_lag_features
nigeria_smart_meter,4,45,2023-01-17 16:00:00,0.48448278,0.47942278,lightgbm_lag_features
nigeria_smart_meter,4,46,2023-01-17 16:30:00,0.52583328,0.51615324,lightgbm_lag_features
nigeria_smart_meter,4,47,2023-01-17 17:00:00,0.56835722,0.54993405,lightgbm_lag_features
nigeria_smart_meter,4,48,2023-01-17 17:30:00,0.60825715,0.57366036,lightgbm_lag_features
nigeria_smart_meter,5,1,2023-01-21 00:00:00,0.27226644,0.36154522,lightgbm_lag_features
nigeria_smart_meter,5,2,2023-01-21 00:30:00,0.27329570,0.33842009,lightgbm_lag_features
nigeria_smart_meter,5,3,2023-01-21 01:00:00,0.27379513,0.32332789,lightgbm_lag_features
nigeria_smart_meter,5,4,2023-01-21 01:30:00,0.27432567,0.32008699,lightgbm_lag_features
nigeria_smart_meter,5,5,2023-01-21 02:00:00,0.27557849,0.32144224,lightgbm_lag_features
nigeria_smart_meter,5,6,2023-01-21 02:30:00,0.27829232,0.32583541,lightgbm_lag_features
nigeria_smart_meter,5,7,2023-01-21 03:00:00,0.28315256,0.33137376,lightgbm_lag_features
nigeria_smart_meter,5,8,2023-01-21 03:30:00,0.29068342,0.33957705,lightgbm_lag_features
nigeria_smart_meter,5,9,2023-01-21 04:00:00,0.30114714,0.34879086,lightgbm_lag_features
nigeria_smart_meter,5,10,2023-01-21 04:30:00,0.31446606,0.36282136,lightgbm_lag_features
nigeria_smart_meter,5,11,2023-01-21 05:00:00,0.33018220,0.38169001,lightgbm_lag_features
nigeria_smart_meter,5,12,2023-01-21 05:30:00,0.34746546,0.39435245,lightgbm_lag_features
nigeria_smart_meter,5,13,2023-01-21 06:00:00,0.36517484,0.41148018,lightgbm_lag_features
nigeria_smart_meter,5,14,2023-01-21 06:30:00,0.38196878,0.41851367,lightgbm_lag_features
nigeria_smart_meter,5,15,2023-01-21 07:00:00,0.39645221,0.42523848,lightgbm_lag_features
nigeria_smart_meter,5,16,2023-01-21 07:30:00,0.40734044,0.42557017,lightgbm_lag_features
nigeria_smart_meter,5,17,2023-01-21 08:00:00,0.41361638,0.41602230,lightgbm_lag_features
nigeria_smart_meter,5,18,2023-01-21 08:30:00,0.41465838,0.40783686,lightgbm_lag_features
nigeria_smart_meter,5,19,2023-01-21 09:00:00,0.41032085,0.39350988,lightgbm_lag_features
nigeria_smart_meter,5,20,2023-01-21 09:30:00,0.40095887,0.37517920,lightgbm_lag_features
nigeria_smart_meter,5,21,2023-01-21 10:00:00,0.38739797,0.37179630,lightgbm_lag_features
nigeria_smart_meter,5,22,2023-01-21 10:30:00,0.37085918,0.36559527,lightgbm_lag_features
nigeria_smart_meter,5,23,2023-01-21 11:00:00,0.35285548,0.35180983,lightgbm_lag_features
nigeria_smart_meter,5,24,2023-01-21 11:30:00,0.33507654,0.33931961,lightgbm_lag_features
nigeria_smart_meter,5,25,2023-01-21 12:00:00,0.31927490,0.32979856,lightgbm_lag_features
nigeria_smart_meter,5,26,2023-01-21 12:30:00,0.30715971,0.32768464,lightgbm_lag_features
nigeria_smart_meter,5,27,2023-01-21 13:00:00,0.30029566,0.32992832,lightgbm_lag_features
nigeria_smart_meter,5,28,2023-01-21 13:30:00,0.29999911,0.33327510,lightgbm_lag_features
nigeria_smart_meter,5,29,2023-01-21 14:00:00,0.30722252,0.33773397,lightgbm_lag_features
nigeria_smart_meter,5,30,2023-01-21 14:30:00,0.32242438,0.35415833,lightgbm_lag_features
nigeria_smart_meter,5,31,2023-01-21 15:00:00,0.34543400,0.37442749,lightgbm_lag_features
nigeria_smart_meter,5,32,2023-01-21 15:30:00,0.37533563,0.39975960,lightgbm_lag_features
nigeria_smart_meter,5,33,2023-01-21 16:00:00,0.41040895,0.42440170,lightgbm_lag_features
nigeria_smart_meter,5,34,2023-01-21 16:30:00,0.44816624,0.45624105,lightgbm_lag_features
nigeria_smart_meter,5,35,2023-01-21 17:00:00,0.48551676,0.49421135,lightgbm_lag_features
nigeria_smart_meter,5,36,2023-01-21 17:30:00,0.51906425,0.52550070,lightgbm_lag_features
nigeria_smart_meter,5,37,2023-01-21 18:00:00,0.54550966,0.55381500,lightgbm_lag_features
nigeria_smart_meter,5,38,2023-01-21 18:30:00,0.56209713,0.57617971,lightgbm_lag_features
nigeria_smart_meter,5,39,2023-01-21 19:00:00,0.56701911,0.58806014,lightgbm_lag_features
nigeria_smart_meter,5,40,2023-01-21 19:30:00,0.55969473,0.59247319,lightgbm_lag_features
nigeria_smart_meter,5,41,2023-01-21 20:00:00,0.54085809,0.58423160,lightgbm_lag_features
nigeria_smart_meter,5,42,2023-01-21 20:30:00,0.51243406,0.55678327,lightgbm_lag_features
nigeria_smart_meter,5,43,2023-01-21 21:00:00,0.47722764,0.52453440,lightgbm_lag_features
nigeria_smart_meter,5,44,2023-01-21 21:30:00,0.43849361,0.48374687,lightgbm_lag_features
nigeria_smart_meter,5,45,2023-01-21 22:00:00,0.39947547,0.44528303,lightgbm_lag_features
nigeria_smart_meter,5,46,2023-01-21 22:30:00,0.36300031,0.39993560,lightgbm_lag_features
nigeria_smart_meter,5,47,2023-01-21 23:00:00,0.33119344,0.36218222,lightgbm_lag_features
nigeria_smart_meter,5,48,2023-01-21 23:30:00,0.30534194,0.33685082,lightgbm_lag_features
uci_household_power,1,1,2023-01-04 00:00:00,0.16267880,0.17737384,lightgbm_lag_features
uci_household_power,1,2,2023-01-04 00:30:00,0.16517046,0.17737384,lightgbm_lag_features
uci_household_power,1,3,2023-01-04 01:00:00,0.16651353,0.17737384,lightgbm_lag_features
uci_household_power,1,4,2023-01-04 01:30:00,0.16687307,0.18177928,lightgbm_lag_features
uci_household_power,1,5,2023-01-04 02:00:00,0.16659000,0.18177928,lightgbm_lag_features
uci_household_power,1,6,2023-01-04 02:30:00,0.16614035,0.18177928,lightgbm_lag_features
uci_household_power,1,7,2023-01-04 03:00:00,0.16607295,0.19233310,lightgbm_lag_features
uci_household_power,1,8,2023-01-04 03:30:00,0.16693275,0.19233310,lightgbm_lag_features
uci_household_power,1,9,2023-01-04 04:00:00,0.16917903,0.19233310,lightgbm_lag_features
uci_household_power,1,10,2023-01-04 04:30:00,0.17311009,0.19233310,lightgbm_lag_features
uci_household_power,1,11,2023-01-04 05:00:00,0.17880564,0.20573527,lightgbm_lag_features
uci_household_power,1,12,2023-01-04 05:30:00,0.18609664,0.21364488,lightgbm_lag_features
uci_household_power,1,13,2023-01-04 06:00:00,0.19456859,0.22945326,lightgbm_lag_features
uci_household_power,1,14,2023-01-04 06:30:00,0.20359941,0.22945326,lightgbm_lag_features
uci_household_power,1,15,2023-01-04 07:00:00,0.21242742,0.22945326,lightgbm_lag_features
uci_household_power,1,16,2023-01-04 07:30:00,0.22024034,0.22945326,lightgbm_lag_features
uci_household_power,1,17,2023-01-04 08:00:00,0.22627249,0.22945326,lightgbm_lag_features
uci_household_power,1,18,2023-01-04 08:30:00,0.22989678,0.22945326,lightgbm_lag_features
uci_household_power,1,19,2023-01-04 09:00:00,0.23069942,0.22945326,lightgbm_lag_features
uci_household_power,1,20,2023-01-04 09:30:00,0.22852896,0.22538277,lightgbm_lag_features
uci_household_power,1,21,2023-01-04 10:00:00,0.22351609,0.22538277,lightgbm_lag_features
uci_household_power,1,22,2023-01-04 10:30:00,0.21606532,0.22538277,lightgbm_lag_features
uci_household_power,1,23,2023-01-04 11:00:00,0.20682341,0.22538277,lightgbm_lag_features
uci_household_power,1,24,2023-01-04 11:30:00,0.19663064,0.22538277,lightgbm_lag_features
uci_household_power,1,25,2023-01-04 12:00:00,0.18646106,0.22538277,lightgbm_lag_features
uci_household_power,1,26,2023-01-04 12:30:00,0.17735525,0.23125224,lightgbm_lag_features
uci_household_power,1,27,2023-01-04 13:00:00,0.17034686,0.21785006,lightgbm_lag_features
uci_household_power,1,28,2023-01-04 13:30:00,0.16638222,0.20729624,lightgbm_lag_features
uci_household_power,1,29,2023-01-04 14:00:00,0.16623240,0.20206029,lightgbm_lag_features
uci_household_power,1,30,2023-01-04 14:30:00,0.17040040,0.19683597,lightgbm_lag_features
uci_household_power,1,31,2023-01-04 15:00:00,0.17903086,0.20762117,lightgbm_lag_features
uci_household_power,1,32,2023-01-04 15:30:00,0.19183647,0.22473866,lightgbm_lag_features
uci_household_power,1,33,2023-01-04 16:00:00,0.20805972,0.23532273,lightgbm_lag_features
uci_household_power,1,34,2023-01-04 16:30:00,0.22648900,0.23532273,lightgbm_lag_features
uci_household_power,1,35,2023-01-04 17:00:00,0.24554298,0.23532273,lightgbm_lag_features
uci_household_power,1,36,2023-01-04 17:30:00,0.26342440,0.23532273,lightgbm_lag_features
uci_household_power,1,37,2023-01-04 18:00:00,0.27832916,0.23532273,lightgbm_lag_features
uci_household_power,1,38,2023-01-04 18:30:00,0.28867985,0.23532273,lightgbm_lag_features
uci_household_power,1,39,2023-01-04 19:00:00,0.29334297,0.23532273,lightgbm_lag_features
uci_household_power,1,40,2023-01-04 19:30:00,0.29178786,0.23532273,lightgbm_lag_features
uci_household_power,1,41,2023-01-04 20:00:00,0.28415530,0.23532273,lightgbm_lag_features
uci_household_power,1,42,2023-01-04 20:30:00,0.27122275,0.23532273,lightgbm_lag_features
uci_household_power,1,43,2023-01-04 21:00:00,0.25427518,0.23532273,lightgbm_lag_features
uci_household_power,1,44,2023-01-04 21:30:00,0.23491009,0.23532273,lightgbm_lag_features
uci_household_power,1,45,2023-01-04 22:00:00,0.21481625,0.23532273,lightgbm_lag_features
uci_household_power,1,46,2023-01-04 22:30:00,0.19556630,0.23125224,lightgbm_lag_features
uci_household_power,1,47,2023-01-04 23:00:00,0.17845473,0.23125224,lightgbm_lag_features
uci_household_power,1,48,2023-01-04 23:30:00,0.16439786,0.20729624,lightgbm_lag_features
uci_household_power,2,1,2023-01-08 06:00:00,0.18257864,0.17781782,lightgbm_lag_features
uci_household_power,2,2,2023-01-08 06:30:00,0.19303005,0.18142921,lightgbm_lag_features
uci_household_power,2,3,2023-01-08 07:00:00,0.20168431,0.18716583,lightgbm_lag_features
uci_household_power,2,4,2023-01-08 07:30:00,0.20773510,0.19234326,lightgbm_lag_features
uci_household_power,2,5,2023-01-08 08:00:00,0.21060547,0.19856063,lightgbm_lag_features
uci_household_power,2,6,2023-01-08 08:30:00,0.21001820,0.20439165,lightgbm_lag_features
uci_household_power,2,7,2023-01-08 09:00:00,0.20603129,0.20668738,lightgbm_lag_features
uci_household_power,2,8,2023-01-08 09:30:00,0.19903473,0.20569883,lightgbm_lag_features
uci_household_power,2,9,2023-01-08 10:00:00,0.18971039,0.20370083,lightgbm_lag_features
uci_household_power,2,10,2023-01-08 10:30:00,0.17896231,0.19689233,lightgbm_lag_features
uci_household_power,2,11,2023-01-08 11:00:00,0.16782851,0.19670426,lightgbm_lag_features
uci_household_power,2,12,2023-01-08 11:30:00,0.15738658,0.19454763,lightgbm_lag_features
uci_household_power,2,13,2023-01-08 12:00:00,0.14866374,0.18593233,lightgbm_lag_features
uci_household_power,2,14,2023-01-08 12:30:00,0.14255896,0.17885312,lightgbm_lag_features
uci_household_power,2,15,2023-01-08 13:00:00,0.13978020,0.17467788,lightgbm_lag_features
uci_household_power,2,16,2023-01-08 13:30:00,0.14079590,0.17304756,lightgbm_lag_features
uci_household_power,2,17,2023-01-08 14:00:00,0.14579781,0.17398888,lightgbm_lag_features
uci_household_power,2,18,2023-01-08 14:30:00,0.15467293,0.17415565,lightgbm_lag_features
uci_household_power,2,19,2023-01-08 15:00:00,0.16698524,0.17630271,lightgbm_lag_features
uci_household_power,2,20,2023-01-08 15:30:00,0.18197287,0.17835923,lightgbm_lag_features
uci_household_power,2,21,2023-01-08 16:00:00,0.19857014,0.18050616,lightgbm_lag_features
uci_household_power,2,22,2023-01-08 16:30:00,0.21546543,0.18617923,lightgbm_lag_features
uci_household_power,2,23,2023-01-08 17:00:00,0.23120199,0.19431599,lightgbm_lag_features
uci_household_power,2,24,2023-01-08 17:30:00,0.24432028,0.20485292,lightgbm_lag_features
uci_household_power,2,25,2023-01-08 18:00:00,0.25352824,0.21338223,lightgbm_lag_features
uci_household_power,2,26,2023-01-08 18:30:00,0.25787446,0.22315149,lightgbm_lag_features
uci_household_power,2,27,2023-01-08 19:00:00,0.25689143,0.23246055,lightgbm_lag_features
uci_household_power,2,28,2023-01-08 19:30:00,0.25067741,0.23390404,lightgbm_lag_features
uci_household_power,2,29,2023-01-08 20:00:00,0.23989492,0.23200960,lightgbm_lag_features
uci_household_power,2,30,2023-01-08 20:30:00,0.22568103,0.23129330,lightgbm_lag_features
uci_household_power,2,31,2023-01-08 21:00:00,0.20948384,0.22402434,lightgbm_lag_features
uci_household_power,2,32,2023-01-08 21:30:00,0.19285575,0.21605429,lightgbm_lag_features
uci_household_power,2,33,2023-01-08 22:00:00,0.17724228,0.20291586,lightgbm_lag_features
uci_household_power,2,34,2023-01-08 22:30:00,0.16380370,0.19065439,lightgbm_lag_features
uci_household_power,2,35,2023-01-08 23:00:00,0.15329678,0.17918643,lightgbm_lag_features
uci_household_power,2,36,2023-01-08 23:30:00,0.14602885,0.17162960,lightgbm_lag_features
uci_household_power,2,37,2023-01-09 00:00:00,0.14704973,0.16754273,lightgbm_lag_features
uci_household_power,2,38,2023-01-09 00:30:00,0.15295314,0.16183816,lightgbm_lag_features
uci_household_power,2,39,2023-01-09 01:00:00,0.15972087,0.16132529,lightgbm_lag_features
uci_household_power,2,40,2023-01-09 01:30:00,0.16694171,0.16232521,lightgbm_lag_features
uci_household_power,2,41,2023-01-09 02:00:00,0.17422524,0.16307380,lightgbm_lag_features
uci_household_power,2,42,2023-01-09 02:30:00,0.18124152,0.16391811,lightgbm_lag_features
uci_household_power,2,43,2023-01-09 03:00:00,0.18774724,0.16554646,lightgbm_lag_features
uci_household_power,2,44,2023-01-09 03:30:00,0.19359546,0.16680160,lightgbm_lag_features
uci_household_power,2,45,2023-01-09 04:00:00,0.19872917,0.16824939,lightgbm_lag_features
uci_household_power,2,46,2023-01-09 04:30:00,0.20316164,0.16843961,lightgbm_lag_features
uci_household_power,2,47,2023-01-09 05:00:00,0.20694901,0.16836665,lightgbm_lag_features
uci_household_power,2,48,2023-01-09 05:30:00,0.21016172,0.16874126,lightgbm_lag_features
uci_household_power,3,1,2023-01-12 12:00:00,0.18610649,0.18414271,lightgbm_lag_features
uci_household_power,3,2,2023-01-12 12:30:00,0.18457191,0.17974424,lightgbm_lag_features
uci_household_power,3,3,2023-01-12 13:00:00,0.18639411,0.17951705,lightgbm_lag_features
uci_household_power,3,4,2023-01-12 13:30:00,0.19157084,0.18414904,lightgbm_lag_features
uci_household_power,3,5,2023-01-12 14:00:00,0.19990581,0.19410218,lightgbm_lag_features
uci_household_power,3,6,2023-01-12 14:30:00,0.21102158,0.20206214,lightgbm_lag_features
uci_household_power,3,7,2023-01-12 15:00:00,0.22436293,0.21149594,lightgbm_lag_features
uci_household_power,3,8,2023-01-12 15:30:00,0.23919468,0.22153380,lightgbm_lag_features
uci_household_power,3,9,2023-01-12 16:00:00,0.25460588,0.23427294,lightgbm_lag_features
uci_household_power,3,10,2023-01-12 16:30:00,0.26953622,0.24719138,lightgbm_lag_features
uci_household_power,3,11,2023-01-12 17:00:00,0.28283875,0.25808340,lightgbm_lag_features
uci_household_power,3,12,2023-01-12 17:30:00,0.29338381,0.26736309,lightgbm_lag_features
uci_household_power,3,13,2023-01-12 18:00:00,0.30019559,0.26687349,lightgbm_lag_features
uci_household_power,3,14,2023-01-12 18:30:00,0.30259788,0.26536522,lightgbm_lag_features
uci_household_power,3,15,2023-01-12 19:00:00,0.30033647,0.26495644,lightgbm_lag_features
uci_household_power,3,16,2023-01-12 19:30:00,0.29364473,0.26186827,lightgbm_lag_features
uci_household_power,3,17,2023-01-12 20:00:00,0.28322935,0.25888708,lightgbm_lag_features
uci_household_power,3,18,2023-01-12 20:30:00,0.27017153,0.25356708,lightgbm_lag_features
uci_household_power,3,19,2023-01-12 21:00:00,0.25576019,0.24439192,lightgbm_lag_features
uci_household_power,3,20,2023-01-12 21:30:00,0.24129128,0.23161254,lightgbm_lag_features
uci_household_power,3,21,2023-01-12 22:00:00,0.22787512,0.21959671,lightgbm_lag_features
uci_household_power,3,22,2023-01-12 22:30:00,0.21629046,0.20854149,lightgbm_lag_features
uci_household_power,3,23,2023-01-12 23:00:00,0.20691064,0.19713129,lightgbm_lag_features
uci_household_power,3,24,2023-01-12 23:30:00,0.19970912,0.18823748,lightgbm_lag_features
uci_household_power,3,25,2023-01-13 00:00:00,0.17229630,0.17497040,lightgbm_lag_features
uci_household_power,3,26,2023-01-13 00:30:00,0.17712801,0.16941179,lightgbm_lag_features
uci_household_power,3,27,2023-01-13 01:00:00,0.18115428,0.16621695,lightgbm_lag_features
uci_household_power,3,28,2023-01-13 01:30:00,0.18428032,0.16197481,lightgbm_lag_features
uci_household_power,3,29,2023-01-13 02:00:00,0.18658481,0.16273580,lightgbm_lag_features
uci_household_power,3,30,2023-01-13 02:30:00,0.18830770,0.16359045,lightgbm_lag_features
uci_household_power,3,31,2023-01-13 03:00:00,0.18981301,0.16444685,lightgbm_lag_features
uci_household_power,3,32,2023-01-13 03:30:00,0.19153078,0.16920064,lightgbm_lag_features
uci_household_power,3,33,2023-01-13 04:00:00,0.19388589,0.17773948,lightgbm_lag_features
uci_household_power,3,34,2023-01-13 04:30:00,0.19722393,0.18358236,lightgbm_lag_features
uci_household_power,3,35,2023-01-13 05:00:00,0.20174590,0.19123534,lightgbm_lag_features
uci_household_power,3,36,2023-01-13 05:30:00,0.20746253,0.19988718,lightgbm_lag_features
uci_household_power,3,37,2023-01-13 06:00:00,0.21417611,0.21129352,lightgbm_lag_features
uci_household_power,3,38,2023-01-13 06:30:00,0.22149370,0.21769152,lightgbm_lag_features
uci_household_power,3,39,2023-01-13 07:00:00,0.22886982,0.22130401,lightgbm_lag_features
uci_household_power,3,40,2023-01-13 07:30:00,0.23567210,0.22451532,lightgbm_lag_features
uci_household_power,3,41,2023-01-13 08:00:00,0.24125950,0.22452903,lightgbm_lag_features
uci_household_power,3,42,2023-01-13 08:30:00,0.24506137,0.22091874,lightgbm_lag_features
uci_household_power,3,43,2023-01-13 09:00:00,0.24664659,0.21739563,lightgbm_lag_features
uci_household_power,3,44,2023-01-13 09:30:00,0.24577486,0.20948024,lightgbm_lag_features
uci_household_power,3,45,2023-01-13 10:00:00,0.24242665,0.19720009,lightgbm_lag_features
uci_household_power,3,46,2023-01-13 10:30:00,0.23681207,0.18927907,lightgbm_lag_features
uci_household_power,3,47,2023-01-13 11:00:00,0.22936193,0.17869583,lightgbm_lag_features
uci_household_power,3,48,2023-01-13 11:30:00,0.22070518,0.17242400,lightgbm_lag_features
uci_household_power,4,1,2023-01-16 18:00:00,0.28236943,0.28343597,lightgbm_lag_features
uci_household_power,4,2,2023-01-16 18:30:00,0.28728838,0.28384048,lightgbm_lag_features
uci_household_power,4,3,2023-01-16 19:00:00,0.28899436,0.28239366,lightgbm_lag_features
uci_household_power,4,4,2023-01-16 19:30:00,0.28727654,0.27996954,lightgbm_lag_features
uci_household_power,4,5,2023-01-16 20:00:00,0.28228674,0.27652730,lightgbm_lag_features
uci_household_power,4,6,2023-01-16 20:30:00,0.27450153,0.27289306,lightgbm_lag_features
uci_household_power,4,7,2023-01-16 21:00:00,0.26462215,0.26651493,lightgbm_lag_features
uci_household_power,4,8,2023-01-16 21:30:00,0.25343895,0.25018329,lightgbm_lag_features
uci_household_power,4,9,2023-01-16 22:00:00,0.24169508,0.23073578,lightgbm_lag_features
uci_household_power,4,10,2023-01-16 22:30:00,0.22998147,0.21661048,lightgbm_lag_features
uci_household_power,4,11,2023-01-16 23:00:00,0.21868407,0.20387793,lightgbm_lag_features
uci_household_power,4,12,2023-01-16 23:30:00,0.20798785,0.19377596,lightgbm_lag_features
uci_household_power,4,13,2023-01-17 00:00:00,0.17616527,0.18402850,lightgbm_lag_features
uci_household_power,4,14,2023-01-17 00:30:00,0.17553393,0.17516930,lightgbm_lag_features
uci_household_power,4,15,2023-01-17 01:00:00,0.17403050,0.17449325,lightgbm_lag_features
uci_household_power,4,16,2023-01-17 01:30:00,0.17215635,0.17738036,lightgbm_lag_features
uci_household_power,4,17,2023-01-17 02:00:00,0.17052667,0.17894102,lightgbm_lag_features
uci_household_power,4,18,2023-01-17 02:30:00,0.16979912,0.18197548,lightgbm_lag_features
uci_household_power,4,19,2023-01-17 03:00:00,0.17059076,0.18789986,lightgbm_lag_features
uci_household_power,4,20,2023-01-17 03:30:00,0.17339243,0.19307840,lightgbm_lag_features
uci_household_power,4,21,2023-01-17 04:00:00,0.17849119,0.19881183,lightgbm_lag_features
uci_household_power,4,22,2023-01-17 04:30:00,0.18591192,0.20533780,lightgbm_lag_features
uci_household_power,4,23,2023-01-17 05:00:00,0.19538784,0.21228001,lightgbm_lag_features
uci_household_power,4,24,2023-01-17 05:30:00,0.20636679,0.21809493,lightgbm_lag_features
uci_household_power,4,25,2023-01-17 06:00:00,0.21805557,0.22311773,lightgbm_lag_features
uci_household_power,4,26,2023-01-17 06:30:00,0.22949888,0.22670794,lightgbm_lag_features
uci_household_power,4,27,2023-01-17 07:00:00,0.23968407,0.22830579,lightgbm_lag_features
uci_household_power,4,28,2023-01-17 07:30:00,0.24765816,0.22818174,lightgbm_lag_features
uci_household_power,4,29,2023-01-17 08:00:00,0.25264121,0.22786730,lightgbm_lag_features
uci_household_power,4,30,2023-01-17 08:30:00,0.25412047,0.22528468,lightgbm_lag_features
uci_household_power,4,31,2023-01-17 09:00:00,0.25191293,0.22314962,lightgbm_lag_features
uci_household_power,4,32,2023-01-17 09:30:00,0.24618913,0.21881407,lightgbm_lag_features
uci_household_power,4,33,2023-01-17 10:00:00,0.23745780,0.21072171,lightgbm_lag_features
uci_household_power,4,34,2023-01-17 10:30:00,0.22651631,0.20371445,lightgbm_lag_features
uci_household_power,4,35,2023-01-17 11:00:00,0.21437686,0.19690485,lightgbm_lag_features
uci_household_power,4,36,2023-01-17 11:30:00,0.20217930,0.18918862,lightgbm_lag_features
uci_household_power,4,37,2023-01-17 12:00:00,0.19110095,0.18325576,lightgbm_lag_features
uci_household_power,4,38,2023-01-17 12:30:00,0.18227009,0.18042786,lightgbm_lag_features
uci_household_power,4,39,2023-01-17 13:00:00,0.17668604,0.18011273,lightgbm_lag_features
uci_household_power,4,40,2023-01-17 13:30:00,0.17514504,0.18524669,lightgbm_lag_features
uci_household_power,4,41,2023-01-17 14:00:00,0.17817009,0.19369995,lightgbm_lag_features
uci_household_power,4,42,2023-01-17 14:30:00,0.18594467,0.20065675,lightgbm_lag_features
uci_household_power,4,43,2023-01-17 15:00:00,0.19825498,0.20995567,lightgbm_lag_features
uci_household_power,4,44,2023-01-17 15:30:00,0.21445138,0.22225196,lightgbm_lag_features
uci_household_power,4,45,2023-01-17 16:00:00,0.23344473,0.23647803,lightgbm_lag_features
uci_household_power,4,46,2023-01-17 16:30:00,0.25375419,0.25121209,lightgbm_lag_features
uci_household_power,4,47,2023-01-17 17:00:00,0.27361757,0.26419334,lightgbm_lag_features
uci_household_power,4,48,2023-01-17 17:30:00,0.29116393,0.27320206,lightgbm_lag_features
uci_household_power,5,1,2023-01-21 00:00:00,0.13209521,0.17632541,lightgbm_lag_features
uci_household_power,5,2,2023-01-21 00:30:00,0.12810793,0.16816125,lightgbm_lag_features
uci_household_power,5,3,2023-01-21 01:00:00,0.12479421,0.16497611,lightgbm_lag_features
uci_household_power,5,4,2023-01-21 01:30:00,0.12278745,0.16275937,lightgbm_lag_features
uci_household_power,5,5,2023-01-21 02:00:00,0.12263566,0.16380244,lightgbm_lag_features
uci_household_power,5,6,2023-01-21 02:30:00,0.12473826,0.16474735,lightgbm_lag_features
uci_household_power,5,7,2023-01-21 03:00:00,0.12929354,0.16726918,lightgbm_lag_features
uci_household_power,5,8,2023-01-21 03:30:00,0.13626268,0.17214693,lightgbm_lag_features
uci_household_power,5,9,2023-01-21 04:00:00,0.14535518,0.17731491,lightgbm_lag_features
uci_household_power,5,10,2023-01-21 04:30:00,0.15603942,0.18091682,lightgbm_lag_features
uci_household_power,5,11,2023-01-21 05:00:00,0.16757971,0.18610685,lightgbm_lag_features
uci_household_power,5,12,2023-01-21 05:30:00,0.17909889,0.19051174,lightgbm_lag_features
uci_household_power,5,13,2023-01-21 06:00:00,0.18966160,0.19679518,lightgbm_lag_features
uci_household_power,5,14,2023-01-21 06:30:00,0.19837064,0.20272444,lightgbm_lag_features
uci_household_power,5,15,2023-01-21 07:00:00,0.20446534,0.20721553,lightgbm_lag_features
uci_household_power,5,16,2023-01-21 07:30:00,0.20740975,0.21025798,lightgbm_lag_features
uci_household_power,5,17,2023-01-21 08:00:00,0.20695839,0.20930642,lightgbm_lag_features
uci_household_power,5,18,2023-01-21 08:30:00,0.20318994,0.20883289,lightgbm_lag_features
uci_household_power,5,19,2023-01-21 09:00:00,0.19650343,0.20703052,lightgbm_lag_features
uci_household_power,5,20,2023-01-21 09:30:00,0.18757732,0.20654389,lightgbm_lag_features
uci_household_power,5,21,2023-01-21 10:00:00,0.17729745,0.20056728,lightgbm_lag_features
uci_household_power,5,22,2023-01-21 10:30:00,0.16666480,0.19670900,lightgbm_lag_features
uci_household_power,5,23,2023-01-21 11:00:00,0.15669640,0.19075125,lightgbm_lag_features
uci_household_power,5,24,2023-01-21 11:30:00,0.14833291,0.18631368,lightgbm_lag_features
uci_household_power,5,25,2023-01-21 12:00:00,0.14236324,0.18067396,lightgbm_lag_features
uci_household_power,5,26,2023-01-21 12:30:00,0.13937230,0.17661117,lightgbm_lag_features
uci_household_power,5,27,2023-01-21 13:00:00,0.13971208,0.17347393,lightgbm_lag_features
uci_household_power,5,28,2023-01-21 13:30:00,0.14349165,0.17355659,lightgbm_lag_features
uci_household_power,5,29,2023-01-21 14:00:00,0.15057924,0.17550229,lightgbm_lag_features
uci_household_power,5,30,2023-01-21 14:30:00,0.16060972,0.17751650,lightgbm_lag_features
uci_household_power,5,31,2023-01-21 15:00:00,0.17299475,0.18123287,lightgbm_lag_features
uci_household_power,5,32,2023-01-21 15:30:00,0.18693780,0.19075266,lightgbm_lag_features
uci_household_power,5,33,2023-01-21 16:00:00,0.20146158,0.20037160,lightgbm_lag_features
uci_household_power,5,34,2023-01-21 16:30:00,0.21545775,0.20914369,lightgbm_lag_features
uci_household_power,5,35,2023-01-21 17:00:00,0.22776679,0.22044726,lightgbm_lag_features
uci_household_power,5,36,2023-01-21 17:30:00,0.23728831,0.23272361,lightgbm_lag_features
uci_household_power,5,37,2023-01-21 18:00:00,0.24311194,0.24420372,lightgbm_lag_features
uci_household_power,5,38,2023-01-21 18:30:00,0.24464772,0.25140449,lightgbm_lag_features
uci_household_power,5,39,2023-01-21 19:00:00,0.24172857,0.25331592,lightgbm_lag_features
uci_household_power,5,40,2023-01-21 19:30:00,0.23465790,0.25540791,lightgbm_lag_features
uci_household_power,5,41,2023-01-21 20:00:00,0.22418490,0.25264300,lightgbm_lag_features
uci_household_power,5,42,2023-01-21 20:30:00,0.21140529,0.24522781,lightgbm_lag_features
uci_household_power,5,43,2023-01-21 21:00:00,0.19760305,0.23571167,lightgbm_lag_features
uci_household_power,5,44,2023-01-21 21:30:00,0.18406297,0.22097796,lightgbm_lag_features
uci_household_power,5,45,2023-01-21 22:00:00,0.17189015,0.20421786,lightgbm_lag_features
uci_household_power,5,46,2023-01-21 22:30:00,0.16187003,0.19149013,lightgbm_lag_features
uci_household_power,5,47,2023-01-21 23:00:00,0.15439162,0.18217532,lightgbm_lag_features
uci_household_power,5,48,2023-01-21 23:30:00,0.14944143,0.17294469,lightgbm_lag_features
